tools path	sha256	source	source sha256	status
tools/INDEX-ROWS.md	fa28f25f14860c024d3c62a3499a269c11e8ad7abfef5dfff5638b6383a1945b	written	-	written
tools/fluid-in-game-rig/README.md	420953235f94b2f8b02b2cdee7d7510cb312ece8f54223d4b024d35ca264ced3	written	-	written
tools/fluid-in-game-rig/analyze.js	8c12afa4a540df19c705d0068fab90d4cb90b3942a6e5956af728f51b11fd92a	documentation/fluid-followups/f2-rig/analyze.js	fabfef0165019e2dcc4d14674c3d824dfa6dda334dc209b64ccc9454deaf8ae6	edited
tools/fluid-in-game-rig/build-tables.js	2749959f6ea46e87967fb0ea18f36363228643be44eb25098e06007c093003a5	documentation/fluid-followups/f2-rig/build-tables.js	cb5222f940a4672a494b531d4124394a12c0840e5c4b69bde699f380e5fb9ce2	edited
tools/fluid-in-game-rig/campaign.js	0ccd295784d6291e4473973e79f30d1c45cc43552c5bbb53776e2446e6967665	documentation/fluid-followups/f2-rig/campaign.js	e95a3e294ac7572cde846440901c274fc5335c4affb760ec523b11a1b001b7cb	edited
tools/fluid-in-game-rig/campaigns/f1/f1-campaign.sh	54d84a5407454280863adf59930494db0a6fee9eba64d163ab22adff4b04a621	documentation/fluid-followups/f1-rig/f1-campaign.sh	54d84a5407454280863adf59930494db0a6fee9eba64d163ab22adff4b04a621	identical
tools/fluid-in-game-rig/campaigns/f2/edits-gen.js	8214606a23c63f2357baaf3995413e33b191bf9f429841cdccea21a53b9ff2c2	documentation/fluid-followups/f2-rig/edits-gen.js	8214606a23c63f2357baaf3995413e33b191bf9f429841cdccea21a53b9ff2c2	identical
tools/fluid-in-game-rig/campaigns/f2/edits-run.js	c2b7ad353b5e55297ddb2a88dde80ebb5b64c2c670b01c9d391f262779a92db9	documentation/fluid-followups/f2-rig/edits-run.js	c2b7ad353b5e55297ddb2a88dde80ebb5b64c2c670b01c9d391f262779a92db9	identical
tools/fluid-in-game-rig/campaigns/f2/f2-campaign.sh	c6fd49cceb03db444eb6725583c718dbb91b01b0a50a55632d55d846c95e1695	documentation/fluid-followups/f2-rig/f2-campaign.sh	c6fd49cceb03db444eb6725583c718dbb91b01b0a50a55632d55d846c95e1695	identical
tools/fluid-in-game-rig/campaigns/f2/f2-pairs.sh	5b29c0a105540dd2c32b6b5bff501e325f436a18f08c849be2d435673ffaa47a	documentation/fluid-followups/f2-rig/f2-pairs.sh	5b29c0a105540dd2c32b6b5bff501e325f436a18f08c849be2d435673ffaa47a	identical
tools/fluid-in-game-rig/campaigns/wp5/after-client.sh	66c89b3f5c75787c8445b82d0a16d1f479b3e2cc3a205efb5ee5336dc081a54a	documentation/fluid-followups/f2-rig/after-client.sh	66c89b3f5c75787c8445b82d0a16d1f479b3e2cc3a205efb5ee5336dc081a54a	identical
tools/fluid-in-game-rig/campaigns/wp5/gates.sh	cb58c16c093ab4d29c402d518838852545fc15cfddf1a59732a96830409839cd	documentation/fluid-followups/f2-rig/gates.sh	cb58c16c093ab4d29c402d518838852545fc15cfddf1a59732a96830409839cd	identical
tools/fluid-in-game-rig/campaigns/wp5/paced-campaign.sh	6bc75412b12b7d0a4e207366773e152a59c52d69b3995dfe3dae44e003457af3	documentation/fluid-followups/f2-rig/paced-campaign.sh	6bc75412b12b7d0a4e207366773e152a59c52d69b3995dfe3dae44e003457af3	identical
tools/fluid-in-game-rig/changes-from-f2-rig.diff	03153d4b5edf643714bf1f55fc4ea0d8b86f71e9ed16f6b052e445e05c4338b8	generated (git diff --no-index)	-	generated
tools/fluid-in-game-rig/compact.js	5fcf4d198753a9d1e831fc0000e4ba97cba2fff1db6d857e31d46d996ed08a8b	documentation/fluid-followups/f2-rig/compact.js	c4e0163fdd38cef5c1896afc166249b2f885345a0151c902391c3cc2d1b51002	edited
tools/fluid-in-game-rig/f1-table.js	984039643f226ec92643e39bbd9325a3f1dbf588570e417a544e8773e2de2455	documentation/fluid-followups/f1-rig/f1-table.js	984039643f226ec92643e39bbd9325a3f1dbf588570e417a544e8773e2de2455	identical
tools/fluid-in-game-rig/f2-analyze.js	f839753e1f15a52e81cc2a622e7d7ebf60ed8e73f74487426d24d352d14731ce	documentation/fluid-followups/f2-rig/f2-analyze.js	f839753e1f15a52e81cc2a622e7d7ebf60ed8e73f74487426d24d352d14731ce	identical
tools/fluid-in-game-rig/gen-datapack.js	bbccce336f4daa9760a2bc946caf9f3b2cac70f9876035754c5a89f3097644d7	documentation/fluid-followups/f2-rig/gen-datapack.js	bbccce336f4daa9760a2bc946caf9f3b2cac70f9876035754c5a89f3097644d7	identical
tools/fluid-in-game-rig/level-allow-commands.js	cac00051f25a2ff3d92c54ef17cebecc7736eb9c4cf57481d386ee2625049e1e	documentation/fluid-followups/f2-rig/level-allow-commands.js	cac00051f25a2ff3d92c54ef17cebecc7736eb9c4cf57481d386ee2625049e1e	identical
tools/fluid-in-game-rig/make-jfc.js	6672ff8c43a769e236dfd502b8f6747a31cb4195c39f07e409ff7c2c42759824	documentation/fluid-followups/f2-rig/make-jfc.js	6672ff8c43a769e236dfd502b8f6747a31cb4195c39f07e409ff7c2c42759824	identical
tools/fluid-in-game-rig/minecraft-flightrecorder-config.jfc	7cf2a220574ade30738da8b50b9fc470331331911e84a99abacb06c5857176c9	documentation/fluid-followups/f2-rig/minecraft-flightrecorder-config.jfc	7cf2a220574ade30738da8b50b9fc470331331911e84a99abacb06c5857176c9	identical
tools/fluid-in-game-rig/mod-side/FluidInGameClientDiagnostics.java	d8128da3df3c16714c236df1cd6318dbe4b23e134ad2de9ab048ff812c8a4031	git:88df883:src/main/java/com/wormzjl/createcheme/runtime/fluid/FluidInGameClientDiagnostics.java	d8128da3df3c16714c236df1cd6318dbe4b23e134ad2de9ab048ff812c8a4031	identical
tools/fluid-in-game-rig/mod-side/FluidInGameDiagnostics.java	bb52372e5db91068eb0f04d55abefb8531c47df3520878b09519539416b32891	git:88df883:src/main/java/com/wormzjl/createcheme/runtime/fluid/FluidInGameDiagnostics.java	bb52372e5db91068eb0f04d55abefb8531c47df3520878b09519539416b32891	identical
tools/fluid-in-game-rig/mod-side/baseline-eb28fc5/FluidInGameClientDiagnostics.java	d8128da3df3c16714c236df1cd6318dbe4b23e134ad2de9ab048ff812c8a4031	documentation/fluid-followups/f2-rig/baseline-rig/FluidInGameClientDiagnostics.java	d8128da3df3c16714c236df1cd6318dbe4b23e134ad2de9ab048ff812c8a4031	identical
tools/fluid-in-game-rig/mod-side/baseline-eb28fc5/FluidInGameDiagnostics.java	df989781c631e386ed7790637eeb5c06b5378a93a6c590922b5abc99f95b280c	documentation/fluid-followups/f2-rig/baseline-rig/FluidInGameDiagnostics.java	df989781c631e386ed7790637eeb5c06b5378a93a6c590922b5abc99f95b280c	identical
tools/fluid-in-game-rig/mod-side/baseline-eb28fc5/baseline-diagnostics-copy.sh	a475190325cc331f2f5331e80b5a82725042610551c61407c207d8062eafbbc0	documentation/fluid-followups/f2-rig/baseline-rig/baseline-diagnostics-copy.sh	a475190325cc331f2f5331e80b5a82725042610551c61407c207d8062eafbbc0	identical
tools/fluid-in-game-rig/mod-side/baseline-eb28fc5/tracked-files.patch	44a8eee474b592788639642bbbb9f04ce0cb930c57bada5f0ba7e3e7f1c1ba84	documentation/fluid-followups/f2-rig/baseline-rig/tracked-files.patch	44a8eee474b592788639642bbbb9f04ce0cb930c57bada5f0ba7e3e7f1c1ba84	identical
tools/fluid-in-game-rig/mod-side/reattach.patch	b4491278a85bdd73bcc2c44ebfeab0cddf5a46b1cb40300712f1b931bf4e5b08	git diff c1b8464 c1b8464~1	-	git
tools/fluid-in-game-rig/paced.js	dd07eef446f553947d4b565df21ada3647ad0f1fde96e173e28a782e65026594	documentation/fluid-followups/f2-rig/paced.js	7bf21e006157dcb4fc446781dc0b2f3a0dd8881cfe7c4414f1b8a0b83707909d	edited
tools/fluid-in-game-rig/rcon.js	af47de3ed2cc3b46064aab90145e7f0642b70a9171f0931d315753c7d1948b0f	documentation/fluid-followups/f2-rig/rcon.js	af47de3ed2cc3b46064aab90145e7f0642b70a9171f0931d315753c7d1948b0f	identical
tools/fluid-in-game-rig/rig-lib.js	00a2c89004faf814e9dd0b9f3b1d243f42e4ed41f6fca2643b15b3f24650c27e	documentation/fluid-followups/f2-rig/rig-lib.js	07fb4cc6c074b4434c7a321cb0cfe40b55daa49f126acbb433e168e7df5ff0eb	edited
tools/fluid-in-game-rig/run-client.js	883ea7f453718324cc431904ef8658d3db27c8deab5e87cdec7cdf1679a186f8	documentation/fluid-followups/f2-rig/run-client.js	263bebbd1f8b7a6f21d29970a768ce6d8e0abb368cc269d6401c27d55f8262a9	edited
tools/fluid-in-game-rig/run-server.js	bd169481ad757219bdea25afbe77da91112b18d3edbb1afa1d0805353c9466b9	documentation/fluid-followups/f2-rig/run-server.js	d1be75803486bf0de5da7a074703b8ea0624926c7b8d13de09813bcb297e033b	edited
tools/fluid-in-game-rig/sampler.ps1	1ab140741ebf3ac19902a3081547962ef95ba1195315ff3ce8bafc34b77138ed	documentation/fluid-followups/f2-rig/sampler.ps1	1ab140741ebf3ac19902a3081547962ef95ba1195315ff3ce8bafc34b77138ed	identical
tools/fluid-in-game-rig/server.properties.in	92b12b7fb3a4d290c06c23d6804e4de63a56066ce4130c19a2cfe0549877ff9d	documentation/fluid-followups/f2-rig/server.properties.in	92b12b7fb3a4d290c06c23d6804e4de63a56066ce4130c19a2cfe0549877ff9d	identical
tools/fluid-in-game-rig/tables.js	840cc8a43faeb72c4e10e958ba3558cebf8b24c1f1e674a703216fa1d2f09610	documentation/fluid-followups/f2-rig/tables.js	635627226625e39e04191aade1a2de16087aec2e7f9bc50abbd0de5752e0d169	edited
tools/fluid-in-game-rig/template/bench-template/DIM-1/data/neoforge_data_attachments.dat	95486bd4cbd73d4d98f343e42a5792ef5315214015acca508842844d73247562	documentation/fluid-followups/f2-rig/template/bench-template/DIM-1/data/neoforge_data_attachments.dat	95486bd4cbd73d4d98f343e42a5792ef5315214015acca508842844d73247562	identical
tools/fluid-in-game-rig/template/bench-template/DIM-1/data/raids.dat	72f553719a492acb44b857e0da7dedf2972ebf17637238d4e5423887edbf9eeb	documentation/fluid-followups/f2-rig/template/bench-template/DIM-1/data/raids.dat	72f553719a492acb44b857e0da7dedf2972ebf17637238d4e5423887edbf9eeb	identical
tools/fluid-in-game-rig/template/bench-template/DIM1/data/neoforge_data_attachments.dat	95486bd4cbd73d4d98f343e42a5792ef5315214015acca508842844d73247562	documentation/fluid-followups/f2-rig/template/bench-template/DIM1/data/neoforge_data_attachments.dat	95486bd4cbd73d4d98f343e42a5792ef5315214015acca508842844d73247562	identical
tools/fluid-in-game-rig/template/bench-template/DIM1/data/raids_end.dat	72f553719a492acb44b857e0da7dedf2972ebf17637238d4e5423887edbf9eeb	documentation/fluid-followups/f2-rig/template/bench-template/DIM1/data/raids_end.dat	72f553719a492acb44b857e0da7dedf2972ebf17637238d4e5423887edbf9eeb	identical
tools/fluid-in-game-rig/template/bench-template/data/chunks.dat	53b7931a5a7feaf5b166add8937ecc1e5fd71a743b34a1654755b4d1dfa519cb	documentation/fluid-followups/f2-rig/template/bench-template/data/chunks.dat	53b7931a5a7feaf5b166add8937ecc1e5fd71a743b34a1654755b4d1dfa519cb	identical
tools/fluid-in-game-rig/template/bench-template/data/neoforge_data_attachments.dat	95486bd4cbd73d4d98f343e42a5792ef5315214015acca508842844d73247562	documentation/fluid-followups/f2-rig/template/bench-template/data/neoforge_data_attachments.dat	95486bd4cbd73d4d98f343e42a5792ef5315214015acca508842844d73247562	identical
tools/fluid-in-game-rig/template/bench-template/data/raids.dat	72f553719a492acb44b857e0da7dedf2972ebf17637238d4e5423887edbf9eeb	documentation/fluid-followups/f2-rig/template/bench-template/data/raids.dat	72f553719a492acb44b857e0da7dedf2972ebf17637238d4e5423887edbf9eeb	identical
tools/fluid-in-game-rig/template/bench-template/datapacks/createcheme_bench/data/createcheme_bench/function/edit_back.mcfunction	61fbc1c19c35efaa77b303b8df9d4a6bfb1ecc2eaba3c67eae3ac652621b5523	documentation/fluid-followups/f2-rig/template/bench-template/datapacks/createcheme_bench/data/createcheme_bench/function/edit_back.mcfunction	61fbc1c19c35efaa77b303b8df9d4a6bfb1ecc2eaba3c67eae3ac652621b5523	identical
tools/fluid-in-game-rig/template/bench-template/datapacks/createcheme_bench/data/createcheme_bench/function/edit_pipe.mcfunction	f9b1d247394c8c540e435092e222d23d3126ffbb21730daeaefc757879d892e3	documentation/fluid-followups/f2-rig/template/bench-template/datapacks/createcheme_bench/data/createcheme_bench/function/edit_pipe.mcfunction	f9b1d247394c8c540e435092e222d23d3126ffbb21730daeaefc757879d892e3	identical
tools/fluid-in-game-rig/template/bench-template/datapacks/createcheme_bench/data/createcheme_bench/function/empty.mcfunction	ad23519c7a5c8bc0a24423d952fdaf01e9cf29844189b63dfc7afd8b96199e81	documentation/fluid-followups/f2-rig/template/bench-template/datapacks/createcheme_bench/data/createcheme_bench/function/empty.mcfunction	ad23519c7a5c8bc0a24423d952fdaf01e9cf29844189b63dfc7afd8b96199e81	identical
tools/fluid-in-game-rig/template/bench-template/datapacks/createcheme_bench/data/createcheme_bench/function/fill100.mcfunction	3673c55ea4fd93e6556deeb74881a8c5ad653f9bc7ef4a771e0d6c9acd00858e	documentation/fluid-followups/f2-rig/template/bench-template/datapacks/createcheme_bench/data/createcheme_bench/function/fill100.mcfunction	3673c55ea4fd93e6556deeb74881a8c5ad653f9bc7ef4a771e0d6c9acd00858e	identical
tools/fluid-in-game-rig/template/bench-template/datapacks/createcheme_bench/data/createcheme_bench/function/forceload.mcfunction	e8897fea94b8561fe23b119056c003ed1d4b89446036a40ee29f53fa7955d9da	documentation/fluid-followups/f2-rig/template/bench-template/datapacks/createcheme_bench/data/createcheme_bench/function/forceload.mcfunction	e8897fea94b8561fe23b119056c003ed1d4b89446036a40ee29f53fa7955d9da	identical
tools/fluid-in-game-rig/template/bench-template/datapacks/createcheme_bench/data/createcheme_bench/function/minus20.mcfunction	ce0ebb5187dd52a7bf855419d4078e89eb2ac6d6c8037311358fc7d86125745c	documentation/fluid-followups/f2-rig/template/bench-template/datapacks/createcheme_bench/data/createcheme_bench/function/minus20.mcfunction	ce0ebb5187dd52a7bf855419d4078e89eb2ac6d6c8037311358fc7d86125745c	identical
tools/fluid-in-game-rig/template/bench-template/datapacks/createcheme_bench/data/createcheme_bench/function/minus_pipe.mcfunction	0a82ae1e66d095bea5f45e480a30a18df2f0bcd4ecf8c1d34da897b5739ee41a	documentation/fluid-followups/f2-rig/template/bench-template/datapacks/createcheme_bench/data/createcheme_bench/function/minus_pipe.mcfunction	0a82ae1e66d095bea5f45e480a30a18df2f0bcd4ecf8c1d34da897b5739ee41a	identical
tools/fluid-in-game-rig/template/bench-template/datapacks/createcheme_bench/data/createcheme_bench/function/minus_tank.mcfunction	b65651ab0ca969c0830c457d5ffaa15432045b61a6ec093ce90fe0aea1c10e02	documentation/fluid-followups/f2-rig/template/bench-template/datapacks/createcheme_bench/data/createcheme_bench/function/minus_tank.mcfunction	b65651ab0ca969c0830c457d5ffaa15432045b61a6ec093ce90fe0aea1c10e02	identical
tools/fluid-in-game-rig/template/bench-template/datapacks/createcheme_bench/data/createcheme_bench/function/mixed100.mcfunction	b1cf2c890513337b969c5da49b6b60564b4f49b236a42ed6f3703cb155f9e48b	documentation/fluid-followups/f2-rig/template/bench-template/datapacks/createcheme_bench/data/createcheme_bench/function/mixed100.mcfunction	b1cf2c890513337b969c5da49b6b60564b4f49b236a42ed6f3703cb155f9e48b	identical
tools/fluid-in-game-rig/template/bench-template/datapacks/createcheme_bench/data/createcheme_bench/function/noop.mcfunction	372bae143a2277fd0c7e78dd254ea69bb13d99cf34fd6418ff16d3b82010112d	documentation/fluid-followups/f2-rig/template/bench-template/datapacks/createcheme_bench/data/createcheme_bench/function/noop.mcfunction	372bae143a2277fd0c7e78dd254ea69bb13d99cf34fd6418ff16d3b82010112d	identical
tools/fluid-in-game-rig/template/bench-template/datapacks/createcheme_bench/data/createcheme_bench/function/plus20.mcfunction	9ebf187739b4794ace2200723acea350301da9ffdf93a871de9cb027a5dcf5b4	documentation/fluid-followups/f2-rig/template/bench-template/datapacks/createcheme_bench/data/createcheme_bench/function/plus20.mcfunction	9ebf187739b4794ace2200723acea350301da9ffdf93a871de9cb027a5dcf5b4	identical
tools/fluid-in-game-rig/template/bench-template/datapacks/createcheme_bench/data/createcheme_bench/function/plus_pipe.mcfunction	f0a20e907e5e8c8597487afd137f1961135158966fddd3f92a70e6fdc12aef49	documentation/fluid-followups/f2-rig/template/bench-template/datapacks/createcheme_bench/data/createcheme_bench/function/plus_pipe.mcfunction	f0a20e907e5e8c8597487afd137f1961135158966fddd3f92a70e6fdc12aef49	identical
tools/fluid-in-game-rig/template/bench-template/datapacks/createcheme_bench/data/createcheme_bench/function/plus_tank.mcfunction	269bcf0a2a0d88c615e3cb0fe3724111cfe3c197d408be10b9d1bc27b285695c	documentation/fluid-followups/f2-rig/template/bench-template/datapacks/createcheme_bench/data/createcheme_bench/function/plus_tank.mcfunction	269bcf0a2a0d88c615e3cb0fe3724111cfe3c197d408be10b9d1bc27b285695c	identical
tools/fluid-in-game-rig/template/bench-template/datapacks/createcheme_bench/data/createcheme_bench/function/probe.mcfunction	2bd4ca2e12e81b6a0481208f0d9d8875685ff7801222dc2d8e00803ee01a153d	documentation/fluid-followups/f2-rig/template/bench-template/datapacks/createcheme_bench/data/createcheme_bench/function/probe.mcfunction	2bd4ca2e12e81b6a0481208f0d9d8875685ff7801222dc2d8e00803ee01a153d	identical
tools/fluid-in-game-rig/template/bench-template/datapacks/createcheme_bench/data/createcheme_bench/function/probe2.mcfunction	31cae2a48ae7d83f3ad601b64e07d43ee9effe5cb7e00735dcc638cf689fd893	documentation/fluid-followups/f2-rig/template/bench-template/datapacks/createcheme_bench/data/createcheme_bench/function/probe2.mcfunction	31cae2a48ae7d83f3ad601b64e07d43ee9effe5cb7e00735dcc638cf689fd893	identical
tools/fluid-in-game-rig/template/bench-template/datapacks/createcheme_bench/data/createcheme_bench/function/probe3.mcfunction	5cac3d2eb7c5046bf706fffd346ccac2deffa3620a37e5a36095024db530f760	documentation/fluid-followups/f2-rig/template/bench-template/datapacks/createcheme_bench/data/createcheme_bench/function/probe3.mcfunction	5cac3d2eb7c5046bf706fffd346ccac2deffa3620a37e5a36095024db530f760	identical
tools/fluid-in-game-rig/template/bench-template/datapacks/createcheme_bench/data/createcheme_bench/function/probe4.mcfunction	3e87c51e95a388c17241e3bf333f59b9e2413ee4c8e230576c2765c80b885c6c	documentation/fluid-followups/f2-rig/template/bench-template/datapacks/createcheme_bench/data/createcheme_bench/function/probe4.mcfunction	3e87c51e95a388c17241e3bf333f59b9e2413ee4c8e230576c2765c80b885c6c	identical
tools/fluid-in-game-rig/template/bench-template/datapacks/createcheme_bench/data/createcheme_bench/function/pure100.mcfunction	09013e3d9f48afff9b629dc3cb04fbe4fb8baee675fb8f47033f22778f8e43a7	documentation/fluid-followups/f2-rig/template/bench-template/datapacks/createcheme_bench/data/createcheme_bench/function/pure100.mcfunction	09013e3d9f48afff9b629dc3cb04fbe4fb8baee675fb8f47033f22778f8e43a7	identical
tools/fluid-in-game-rig/template/bench-template/datapacks/createcheme_bench/data/createcheme_bench/function/rest100.mcfunction	789b1d2626b42cb5cca5f24e92c3a0ec7611f7958ec064636d5fdf0ab2e4a3b2	documentation/fluid-followups/f2-rig/template/bench-template/datapacks/createcheme_bench/data/createcheme_bench/function/rest100.mcfunction	789b1d2626b42cb5cca5f24e92c3a0ec7611f7958ec064636d5fdf0ab2e4a3b2	identical
tools/fluid-in-game-rig/template/bench-template/datapacks/createcheme_bench/data/createcheme_bench/function/rest1000.mcfunction	920c70bbfe0aa1dc3a4006c9eacb6f355d99276c1a803f82a900ae67395a1e2c	documentation/fluid-followups/f2-rig/template/bench-template/datapacks/createcheme_bench/data/createcheme_bench/function/rest1000.mcfunction	920c70bbfe0aa1dc3a4006c9eacb6f355d99276c1a803f82a900ae67395a1e2c	identical
tools/fluid-in-game-rig/template/bench-template/datapacks/createcheme_bench/data/createcheme_bench/function/rest400.mcfunction	79e64bc9e4c45a7f489b28eec7dc741ede06289234fc75f7b6ca294b5f2e9e97	documentation/fluid-followups/f2-rig/template/bench-template/datapacks/createcheme_bench/data/createcheme_bench/function/rest400.mcfunction	79e64bc9e4c45a7f489b28eec7dc741ede06289234fc75f7b6ca294b5f2e9e97	identical
tools/fluid-in-game-rig/template/bench-template/datapacks/createcheme_bench/data/createcheme_bench/function/through100.mcfunction	7baef02399e493a8440d8bbf87d6f23d564ccfcb94be25e87aa359a6562be286	documentation/fluid-followups/f2-rig/template/bench-template/datapacks/createcheme_bench/data/createcheme_bench/function/through100.mcfunction	7baef02399e493a8440d8bbf87d6f23d564ccfcb94be25e87aa359a6562be286	identical
tools/fluid-in-game-rig/template/bench-template/datapacks/createcheme_bench/data/createcheme_bench/function/view.mcfunction	9b4b7e3785e8bc0b449129c623c5feeb57d8682187a5f0492573aa3cf53521f3	documentation/fluid-followups/f2-rig/template/bench-template/datapacks/createcheme_bench/data/createcheme_bench/function/view.mcfunction	9b4b7e3785e8bc0b449129c623c5feeb57d8682187a5f0492573aa3cf53521f3	identical
tools/fluid-in-game-rig/template/bench-template/datapacks/createcheme_bench/pack.mcmeta	6f4eaf28d6ad75a72ab2177799d525d800205868feb582ae0c6677cbfaaa0322	documentation/fluid-followups/f2-rig/template/bench-template/datapacks/createcheme_bench/pack.mcmeta	6f4eaf28d6ad75a72ab2177799d525d800205868feb582ae0c6677cbfaaa0322	identical
tools/fluid-in-game-rig/template/bench-template/entities/r.-1.-1.mca	e3b0c44298fc1c149afbf4c8996fb92427ae41e4649b934ca495991b7852b855	documentation/fluid-followups/f2-rig/template/bench-template/entities/r.-1.-1.mca	e3b0c44298fc1c149afbf4c8996fb92427ae41e4649b934ca495991b7852b855	identical
tools/fluid-in-game-rig/template/bench-template/entities/r.-1.0.mca	e3b0c44298fc1c149afbf4c8996fb92427ae41e4649b934ca495991b7852b855	documentation/fluid-followups/f2-rig/template/bench-template/entities/r.-1.0.mca	e3b0c44298fc1c149afbf4c8996fb92427ae41e4649b934ca495991b7852b855	identical
tools/fluid-in-game-rig/template/bench-template/entities/r.0.-1.mca	e3b0c44298fc1c149afbf4c8996fb92427ae41e4649b934ca495991b7852b855	documentation/fluid-followups/f2-rig/template/bench-template/entities/r.0.-1.mca	e3b0c44298fc1c149afbf4c8996fb92427ae41e4649b934ca495991b7852b855	identical
tools/fluid-in-game-rig/template/bench-template/entities/r.0.0.mca	e3b0c44298fc1c149afbf4c8996fb92427ae41e4649b934ca495991b7852b855	documentation/fluid-followups/f2-rig/template/bench-template/entities/r.0.0.mca	e3b0c44298fc1c149afbf4c8996fb92427ae41e4649b934ca495991b7852b855	identical
tools/fluid-in-game-rig/template/bench-template/kubejs_persistent_data.nbt	0c5f40fb642781709ce4bd9b2443628b345a2abc34cff20dea6564ca014875f9	documentation/fluid-followups/f2-rig/template/bench-template/kubejs_persistent_data.nbt	0c5f40fb642781709ce4bd9b2443628b345a2abc34cff20dea6564ca014875f9	identical
tools/fluid-in-game-rig/template/bench-template/level.dat	9f0592e3613aa483252e7af1d9bac3c70fae1c55af45334a4691c249fef19597	documentation/fluid-followups/f2-rig/template/bench-template/level.dat	9f0592e3613aa483252e7af1d9bac3c70fae1c55af45334a4691c249fef19597	identical
tools/fluid-in-game-rig/template/bench-template/region/r.-1.-1.mca	f0f10f87a3c55124c092ce22e0468c6e1dc80a90a09378a24a968aa86d89d222	documentation/fluid-followups/f2-rig/template/bench-template/region/r.-1.-1.mca	f0f10f87a3c55124c092ce22e0468c6e1dc80a90a09378a24a968aa86d89d222	identical
tools/fluid-in-game-rig/template/bench-template/region/r.-1.0.mca	9d382e8cf10cc3b3b7b745a4f4f19f1673381a5af5aacfb2f50ca422cbf65676	documentation/fluid-followups/f2-rig/template/bench-template/region/r.-1.0.mca	9d382e8cf10cc3b3b7b745a4f4f19f1673381a5af5aacfb2f50ca422cbf65676	identical
tools/fluid-in-game-rig/template/bench-template/region/r.0.-1.mca	70c558f249ce04fc402d55759b7f21a517f80daf120250640a6cbeaeae1484c6	documentation/fluid-followups/f2-rig/template/bench-template/region/r.0.-1.mca	70c558f249ce04fc402d55759b7f21a517f80daf120250640a6cbeaeae1484c6	identical
tools/fluid-in-game-rig/template/bench-template/region/r.0.0.mca	894b01bd72c4956bd412c8278b62d6d08b74bf9cf12100101d956d03f15c22fe	documentation/fluid-followups/f2-rig/template/bench-template/region/r.0.0.mca	894b01bd72c4956bd412c8278b62d6d08b74bf9cf12100101d956d03f15c22fe	identical
tools/fluid-in-game-rig/template/bench-template/serverconfig/readme.txt	b1022ab932f8f0ea0cf78d9f312e95b85a4f96f59ca430e63f9a435e512d1186	documentation/fluid-followups/f2-rig/template/bench-template/serverconfig/readme.txt	b1022ab932f8f0ea0cf78d9f312e95b85a4f96f59ca430e63f9a435e512d1186	identical
tools/fluid-in-game-rig/tools/Flatten.class	5a87be39720b88ecd6c3a343ecb48766ecee2417c3beb7815cb3235e55212cd5	documentation/fluid-followups/f2-rig/tools/Flatten.class	5a87be39720b88ecd6c3a343ecb48766ecee2417c3beb7815cb3235e55212cd5	identical
tools/fluid-in-game-rig/tools/Flatten.java	5ff8b3a324a424ffc2206171aec8c44b84064cca501c1b01edc6b6d8ce46bd77	documentation/fluid-followups/f2-rig/tools/Flatten.java	5ff8b3a324a424ffc2206171aec8c44b84064cca501c1b01edc6b6d8ce46bd77	identical
tools/fluid-in-game-rig/tools/KeyTap.class	8c4da6f0e66290f759683625b85b95caf15983c353cf270bd068387ac78c6331	documentation/fluid-followups/f2-rig/tools/KeyTap.class	8c4da6f0e66290f759683625b85b95caf15983c353cf270bd068387ac78c6331	identical
tools/fluid-in-game-rig/tools/KeyTap.java	b56088a4a74edcef7dec158aa9487ef38533a6e2e318e41839784a2f872baba7	documentation/fluid-followups/f2-rig/tools/KeyTap.java	b56088a4a74edcef7dec158aa9487ef38533a6e2e318e41839784a2f872baba7	identical
tools/fluid-in-game-rig/tools/f3.ps1	692a7da270ef7f90fb7f11974ce98a48390fe9d0ec0d0c452fd6f7c656a612f9	documentation/fluid-followups/f2-rig/tools/f3.ps1	87e68f0067ac64abcdde9834da8ba8e4502d2d00eab1f7cc03bbf680ab24822a	edited
tools/fluid-in-game-rig/wp5-window.jfc	48d0547e0cd8784a3e1a2b43a84077fab6c62ff8c051f24950566cdf2dab76cb	documentation/fluid-followups/f2-rig/wp5-window.jfc	48d0547e0cd8784a3e1a2b43a84077fab6c62ff8c051f24950566cdf2dab76cb	identical
tools/fluid-paced-analysis/README.md	d325039fb68fc6917cbb2611c73cb5ae9ee463b395078a7f4acaa7c5363e4dc6	written	-	written
tools/fluid-paced-analysis/winlen.js	9fb5bbf4c8a0915cd762ad5afc0f502b331f338469444b1315f8d97f4b93b6d4	documentation/fluid-scheduler/wp2-logs/winlen.js	9fb5bbf4c8a0915cd762ad5afc0f502b331f338469444b1315f8d97f4b93b6d4	identical
tools/fluid-paced-analysis/wp2cmp.js	2a343bcf0f2c6f21533e2ee3bda42ab3ea4e2925f9f73b123d8dc4b9a30b8499	documentation/fluid-scheduler/wp2-logs/wp2cmp.js	2a343bcf0f2c6f21533e2ee3bda42ab3ea4e2925f9f73b123d8dc4b9a30b8499	identical
tools/fluid-paced-analysis/wp2diverge.js	2cb90bc5b0ccda93b0644167c48f1da3117081040d4e0621c6a67dbcbd4318f6	documentation/fluid-scheduler/wp2-logs/wp2diverge.js	2cb90bc5b0ccda93b0644167c48f1da3117081040d4e0621c6a67dbcbd4318f6	identical
tools/fluid-paced-analysis/wp2evidence.js	7a765d7c5085b68fb7a407509c8e9959839ec4bc6ac0be2cc8ac4e0a7aa13f31	documentation/fluid-scheduler/wp2-logs/wp2evidence.js	7a765d7c5085b68fb7a407509c8e9959839ec4bc6ac0be2cc8ac4e0a7aa13f31	identical
tools/fluid-paced-analysis/wp2tables.js	77cce28680a091207a0fa7a960cc09f5f5ded6df7c8e5b87b9ff012974e86910	documentation/fluid-scheduler/wp2-logs/wp2tables.js	77cce28680a091207a0fa7a960cc09f5f5ded6df7c8e5b87b9ff012974e86910	identical
tools/fluid-paced-analysis/wp3tables.js	35ba3870ced2a56e45377d9f4a732c0054eba1e9ce87861f86728598e50abfdc	documentation/fluid-scheduler/wp3-logs/wp3tables.js	35ba3870ced2a56e45377d9f4a732c0054eba1e9ce87861f86728598e50abfdc	identical
tools/fluid-paced-analysis/wp3viewers.js	d40541d456711315d7d01886e29ece50c8b68bfacac0109bd3d3bea3420e0573	documentation/fluid-scheduler/wp3-logs/wp3viewers.js	d40541d456711315d7d01886e29ece50c8b68bfacac0109bd3d3bea3420e0573	identical
tools/fluid-paced-analysis/wp4savetime.js	75cb3d85c4284959cad0cca23a47721d3377f8bc375191eac07a53ca5d2f1780	documentation/fluid-scheduler/wp4-logs/wp4savetime.js	75cb3d85c4284959cad0cca23a47721d3377f8bc375191eac07a53ca5d2f1780	identical
tools/fluid-probes/README.md	a4014f849036381947471259750e9f536dd99e8486723d5686bd002fc69c4cfb	written	-	written
tools/fluid-probes/f1/README.md	f08b7f424853943bf763fa15fbaf5125cc038899be61d969721cf78c4125fc2b	written	-	written
tools/fluid-probes/f1/instrumentation/wip-2-with-cap-and-trace.patch	c324eb9a725fe310fe96ec97968f4847128db698a97ffb56113edbffd72792d5	documentation/fluid-followups/f1-logs/wip-2-with-cap-and-trace.patch	c324eb9a725fe310fe96ec97968f4847128db698a97ffb56113edbffd72792d5	identical
tools/fluid-probes/f1/instrumentation/wip-with-trace-instrumentation.patch	ca64893eb08d76618979ad16c65487b85b1a2cb4b98a3a2f24d90a075de63602	documentation/fluid-followups/f1-logs/wip-with-trace-instrumentation.patch	ca64893eb08d76618979ad16c65487b85b1a2cb4b98a3a2f24d90a075de63602	identical
tools/fluid-probes/f1/probes/DeadHeadProbeTest.java	2b5101177cfa2c8b233c56d64f50a39974d890256393722371342d58a6da5072	documentation/fluid-followups/probes/DeadHeadProbeTest.java	2b5101177cfa2c8b233c56d64f50a39974d890256393722371342d58a6da5072	identical
tools/fluid-probes/f1/probes/FluidPumpedFillCoordinatedProbeTest.java	73b642c262c45a551708957eb70784b657d9a7c7c9b5eca4c2a27d461318ddf6	documentation/fluid-followups/probes/FluidPumpedFillCoordinatedProbeTest.java	73b642c262c45a551708957eb70784b657d9a7c7c9b5eca4c2a27d461318ddf6	identical
tools/fluid-probes/f1/probes/FluidPumpedFillRealCoordinatorProbeTest.java	b2552d4f757796cbf19645d8074aca7b8399b080311fc29ffab4179f5d34afa7	documentation/fluid-followups/probes/FluidPumpedFillRealCoordinatorProbeTest.java	b2552d4f757796cbf19645d8074aca7b8399b080311fc29ffab4179f5d34afa7	identical
tools/fluid-probes/f1/probes/PumpedFillProbeTest.java	808195fa348c4bac77efe84496c3f36e5309e1159411da6b080ff6d3840d0777	documentation/fluid-followups/probes/PumpedFillProbeTest.java	808195fa348c4bac77efe84496c3f36e5309e1159411da6b080ff6d3840d0777	identical
tools/fluid-probes/f1/run-scripts/gates.sh	6ea3e9343e8e759643b11460fbe19e730a19f3b5f4b726e2e30566da8cf40034	documentation/fluid-followups/f1-logs/gates.sh	6ea3e9343e8e759643b11460fbe19e730a19f3b5f4b726e2e30566da8cf40034	identical
tools/fluid-probes/f1/run-scripts/paced.sh	54507841bba08e83df9cdb220077e2114395016cba7505809080d434bce16259	documentation/fluid-followups/f1-logs/paced.sh	54507841bba08e83df9cdb220077e2114395016cba7505809080d434bce16259	identical
tools/fluid-probes/f1/scripts/failures.js	d4f99799adf6ed662e55e88d82dfa299fd380b795139f4bb648e1ca680d97ce6	documentation/fluid-followups/f1-logs/failures.js	d4f99799adf6ed662e55e88d82dfa299fd380b795139f4bb648e1ca680d97ce6	identical
tools/fluid-probes/f1/scripts/limits.js	31b7fbb30ad9f3df3b6ede43b1388de2d4b3cdbb5741a835e9ac52c4fa484e14	documentation/fluid-followups/f1-logs/limits.js	31b7fbb30ad9f3df3b6ede43b1388de2d4b3cdbb5741a835e9ac52c4fa484e14	identical
tools/fluid-probes/f1/scripts/profile.js	e4b00364c70455725baf9becaa614d0332ae4a3264a7ecc3a838311362f24736	documentation/fluid-followups/f1-logs/profile.js	e4b00364c70455725baf9becaa614d0332ae4a3264a7ecc3a838311362f24736	identical
tools/fluid-probes/f1/scripts/xmlout.js	eae45db2020434e0e7ccd5c1891b4d5899d7f0e9f807fff7eef3cfe6fd006475	documentation/fluid-followups/f1-logs/xmlout.js	eae45db2020434e0e7ccd5c1891b4d5899d7f0e9f807fff7eef3cfe6fd006475	identical
tools/fluid-probes/f2/README.md	aecc1ef9fff0f0e5ccf74d469880a6deb16139beb6da12c25c5a6adcd3f30e3b	written	-	written
tools/fluid-probes/f2/instrumentation/instrumentation-before.patch	d74374b21f8ada6aafc4f0597eac28a9e8bf13497679fe107aa039b625d5b472	documentation/fluid-followups/f2-logs/probes/instrumentation-before.patch	d74374b21f8ada6aafc4f0597eac28a9e8bf13497679fe107aa039b625d5b472	identical
tools/fluid-probes/f2/probes/PlacementProfileProbe-before.java	fc6845df0c4d7e17387a60a397ce716d8886c58d999a2b61e0c52d7a0b7e7f3a	documentation/fluid-followups/f2-logs/probes/PlacementProfileProbe-before.java	fc6845df0c4d7e17387a60a397ce716d8886c58d999a2b61e0c52d7a0b7e7f3a	identical
tools/fluid-probes/f2/probes/PlacementProfileProbe.java	b764aab2c520646b75092864d508b43873ca7bc55a8f1dee2f36b4054cfde71e	documentation/fluid-followups/f2-logs/probes/PlacementProfileProbe.java	b764aab2c520646b75092864d508b43873ca7bc55a8f1dee2f36b4054cfde71e	identical
tools/fluid-probes/f2/run-scripts/gates.sh	340d9e0bad8172a596e1a23e112a76c5f7362a056e832d2047baa48dd10b8388	documentation/fluid-followups/f2-logs/gates.sh	340d9e0bad8172a596e1a23e112a76c5f7362a056e832d2047baa48dd10b8388	identical
tools/fluid-probes/f2/scripts/apply-edits.js	43164ce6c2b9794ae134c379715d863250483eafa7ae212f4f1ca4e806ca2ea1	documentation/fluid-followups/f2-logs/scripts/apply-edits.js	43164ce6c2b9794ae134c379715d863250483eafa7ae212f4f1ca4e806ca2ea1	identical
tools/fluid-probes/f2/scripts/edits-authority-reads.js	82a0edcbe6e2bd016afd69182903ce29ac1c4036af5838273f4941392dd7613a	documentation/fluid-followups/f2-logs/scripts/edits-authority-reads.js	82a0edcbe6e2bd016afd69182903ce29ac1c4036af5838273f4941392dd7613a	identical
tools/fluid-probes/f2/scripts/edits-authority.js	117aba88380042f6f0198020db6018303f13b5f15a76a2a367e7896d53d07869	documentation/fluid-followups/f2-logs/scripts/edits-authority.js	117aba88380042f6f0198020db6018303f13b5f15a76a2a367e7896d53d07869	identical
tools/fluid-probes/f2/scripts/edits-coordinator.js	f0a3835d0a096b5bf9c3605bc129f3f6800ff80d51d70a073322731f6c347810	documentation/fluid-followups/f2-logs/scripts/edits-coordinator.js	f0a3835d0a096b5bf9c3605bc129f3f6800ff80d51d70a073322731f6c347810	identical
tools/fluid-probes/f2/scripts/edits-diagnostics.js	b2c5f04c137421cc531d6d400fc5bc28b38b674bd50499c3c9535bf3b7969f75	documentation/fluid-followups/f2-logs/scripts/edits-diagnostics.js	b2c5f04c137421cc531d6d400fc5bc28b38b674bd50499c3c9535bf3b7969f75	identical
tools/fluid-probes/f2/scripts/edits-probe-after.js	15ac5fa20d292f338621f629f5e2151497aa448a48aa5f1d9e2226377e1e3b7f	documentation/fluid-followups/f2-logs/scripts/edits-probe-after.js	15ac5fa20d292f338621f629f5e2151497aa448a48aa5f1d9e2226377e1e3b7f	identical
tools/fluid-probes/f2/scripts/edits-runtime.js	22c9106f0252e25041cfaa5d50eea63e323a0076db06141d90fc27da4f56b4dc	documentation/fluid-followups/f2-logs/scripts/edits-runtime.js	22c9106f0252e25041cfaa5d50eea63e323a0076db06141d90fc27da4f56b4dc	identical
tools/fluid-probes/f2/scripts/edits-test-fix1.js	7ee2b7ab16ff250d7a3faa791d239fde2037ae413f524a49b4a5ecce26ad4e66	documentation/fluid-followups/f2-logs/scripts/edits-test-fix1.js	7ee2b7ab16ff250d7a3faa791d239fde2037ae413f524a49b4a5ecce26ad4e66	identical
tools/fluid-probes/f2/scripts/extract_authority.js	49f30a73903a1a75cf198fa1c63f011612bf33a659bcd75fc48197d3f3f051f9	documentation/fluid-followups/f2-logs/scripts/extract_authority.js	49f30a73903a1a75cf198fa1c63f011612bf33a659bcd75fc48197d3f3f051f9	identical
tools/fluid-probes/f2/scripts/extract_pairs.json	ced65b0b991148500b9d70fd3bf889a1cd4b9e1d940f4176ade72006247d453c	documentation/fluid-followups/f2-logs/scripts/extract_pairs.json	ced65b0b991148500b9d70fd3bf889a1cd4b9e1d940f4176ade72006247d453c	identical
tools/fluid-probes/f2/scripts/instrument_before.js	20d48320a65d01f83518caba7e176abb1d096345dc008799aa5ffc1ab5930b77	documentation/fluid-followups/f2-logs/scripts/instrument_before.js	20d48320a65d01f83518caba7e176abb1d096345dc008799aa5ffc1ab5930b77	identical
tools/fluid-probes/f2/scripts/ledger_body.java.txt	57c91700991b6f120110b199df1f5b171bb180bde380fa85b1440c4e3e64b2ee	documentation/fluid-followups/f2-logs/scripts/ledger_body.java.txt	57c91700991b6f120110b199df1f5b171bb180bde380fa85b1440c4e3e64b2ee	identical
tools/fluid-probes/f3/README.md	bc04a8705dd381a2dfabd0150db4ab6b8578a5416fa807f2e876c9fd5ef747bd	written	-	written
tools/fluid-probes/f3/instrumentation/payload-breakdown-hook.patch	0577b9355f5645ccba5babfc17c8c5d7583105bf06bdb9b5b960991b40c96caf	git diff 68d8877 68d8877~1 -- FluidCheckpointCodec.java	-	git
tools/fluid-probes/f3/probes/AtomicWriteProbe.java	3d5110be9afda814aae7fa4bd115edb82f16a39c5bda50984cc7ae7793136b31	documentation/fluid-followups/f3-logs/probes/AtomicWriteProbe.java	3d5110be9afda814aae7fa4bd115edb82f16a39c5bda50984cc7ae7793136b31	identical
tools/fluid-probes/f3/probes/F3Fixtures.java	335e2193ebc0cc2031ed223cd2fc900666e9a8c2a24f7e9109599e8246fa4d4b	documentation/fluid-followups/f3-logs/probes/F3Fixtures.java	335e2193ebc0cc2031ed223cd2fc900666e9a8c2a24f7e9109599e8246fa4d4b	identical
tools/fluid-probes/f3/probes/F3PayloadBreakdownAfter.java	e07f20cbe008527b01257abb39615fef52dfb3c898574177bdc3408b5d4cda09	documentation/fluid-followups/f3-logs/probes/F3PayloadBreakdownAfter.java	e07f20cbe008527b01257abb39615fef52dfb3c898574177bdc3408b5d4cda09	identical
tools/fluid-probes/f3/probes/F3PayloadBreakdownProbe-before.java	35c0e2c7e01135b1f39501dcd1c66fed0d3b98c1ad4bc1110a7c37d946a53483	documentation/fluid-followups/f3-logs/probes/F3PayloadBreakdownProbe-before.java	35c0e2c7e01135b1f39501dcd1c66fed0d3b98c1ad4bc1110a7c37d946a53483	identical
tools/fluid-probes/f3/probes/F3SaveTimingAfter.java	c9051474643e11a1255ee34e3b7c2252285742e921f410569e6bf140d183f857	documentation/fluid-followups/f3-logs/probes/F3SaveTimingAfter.java	c9051474643e11a1255ee34e3b7c2252285742e921f410569e6bf140d183f857	identical
tools/fluid-probes/f3/probes/F3SaveTimingBefore.java	dba31a1f015228a97952db0baa85c2b8e650ea0dbfb67c71165f5014d2dc5041	documentation/fluid-followups/f3-logs/probes/F3SaveTimingBefore.java	dba31a1f015228a97952db0baa85c2b8e650ea0dbfb67c71165f5014d2dc5041	identical
tools/fluid-probes/f3/probes/breakdown-table.js	e1dfacb38cede470cbc37299e3334ebf6c8e4ea8d5b6ed9d4ea1e1aa17f55fba	documentation/fluid-followups/f3-logs/probes/breakdown-table.js	e1dfacb38cede470cbc37299e3334ebf6c8e4ea8d5b6ed9d4ea1e1aa17f55fba	identical
tools/fluid-probes/f3/run-scripts/f3-harness.init.gradle	2ce0f67536df64d8c3599e907cae41176f0e9e318ca9b0f72b9ac3ac9e8f55e7	documentation/fluid-followups/f3-logs/f3-harness.init.gradle	2ce0f67536df64d8c3599e907cae41176f0e9e318ca9b0f72b9ac3ac9e8f55e7	identical
tools/fluid-probes/f3/run-scripts/gates.sh	2c3d61d380a4b2888f76420954673328cb2f4975b4cb48661b40cb36704063fb	documentation/fluid-followups/f3-logs/gates.sh	2c3d61d380a4b2888f76420954673328cb2f4975b4cb48661b40cb36704063fb	identical
tools/fluid-probes/f3/run-scripts/paced.sh	53b9459b11d53786f67ad1e1d95e86a6e2b02886021b6bbb802f36dc21c8dd58	documentation/fluid-followups/f3-logs/paced.sh	53b9459b11d53786f67ad1e1d95e86a6e2b02886021b6bbb802f36dc21c8dd58	identical
tools/fluid-probes/f3/run-scripts/probe.sh	8d2a646d6a4f08269c9233fcf755870b04f4e5487b348c687724bbd76bb0b430	documentation/fluid-followups/f3-logs/probe.sh	8d2a646d6a4f08269c9233fcf755870b04f4e5487b348c687724bbd76bb0b430	identical
tools/fluid-probes/f4/README.md	3c1cce923304208dfe74eafd0c525864678cd8fb05117fbd61f558d7b04c0ad6	written	-	written
tools/fluid-probes/f4/nist/cp0-zero-pressure-63-303K.tsv	ffb565f954200246b8ed3bed668041ae7ab78b5da9c01ff08fb8e4de5059fb0b	documentation/fluid-followups/f4-logs/nist/cp0-zero-pressure-63-303K.tsv	ffb565f954200246b8ed3bed668041ae7ab78b5da9c01ff08fb8e4de5059fb0b	identical
tools/fluid-probes/f4/nist/isobar-0.1kPa-63-303K.tsv	3dc97fa8298cf724dd519f881ebfe428097787b0cb63c4667c649e97ab68b105	documentation/fluid-followups/f4-logs/nist/isobar-0.1kPa-63-303K.tsv	3dc97fa8298cf724dd519f881ebfe428097787b0cb63c4667c649e97ab68b105	identical
tools/fluid-probes/f4/nist/isobar-101.325kPa-100-200K.tsv	cea4b4155a9409ffdc1534b0baf822382b0134476ee4a988f9af8357a744d90c	documentation/fluid-followups/f4-logs/nist/isobar-101.325kPa-100-200K.tsv	cea4b4155a9409ffdc1534b0baf822382b0134476ee4a988f9af8357a744d90c	identical
tools/fluid-probes/f4/nist/isobar-10kPa-63-273K.tsv	0ea8256988200c99a71e78d843a72f67ae89afdc66bf9aad44805a7880a334eb	documentation/fluid-followups/f4-logs/nist/isobar-10kPa-63-273K.tsv	0ea8256988200c99a71e78d843a72f67ae89afdc66bf9aad44805a7880a334eb	identical
tools/fluid-probes/f4/nist/isobar-1kPa-63-303K.tsv	83201b513e9713e1daa6f677f04abfaff4d0da9b456dbc7dbab8b502e817f688	documentation/fluid-followups/f4-logs/nist/isobar-1kPa-63-303K.tsv	83201b513e9713e1daa6f677f04abfaff4d0da9b456dbc7dbab8b502e817f688	identical
tools/fluid-probes/f4/nist/isotherm-77.355K.tsv	927679495d08795fddef3d558c0fd8748bc090e4c9ad9050d1510e3fd0a71279	documentation/fluid-followups/f4-logs/nist/isotherm-77.355K.tsv	927679495d08795fddef3d558c0fd8748bc090e4c9ad9050d1510e3fd0a71279	identical
tools/fluid-probes/f4/nist/sat-triple-to-critical.tsv	063daae2cc71db431ab09508657558746bc5017816d8804c5c45908d753dc757	documentation/fluid-followups/f4-logs/nist/sat-triple-to-critical.tsv	063daae2cc71db431ab09508657558746bc5017816d8804c5c45908d753dc757	identical
tools/fluid-probes/f4/probes/FingerprintProbe.java	0d075efc4883e9cd0b624b664281c1b33536d16ce9c69d4d9e0bb933d246e896	documentation/fluid-followups/f4-logs/probes/FingerprintProbe.java	0d075efc4883e9cd0b624b664281c1b33536d16ce9c69d4d9e0bb933d246e896	identical
tools/fluid-probes/f4/probes/NitrogenCryogenicProbe.java	f80a184d64fb2823e58582da2c7cc804bdb98416dd81bde8a405f4d38c8030f6	documentation/fluid-followups/f4-logs/probes/NitrogenCryogenicProbe.java	f80a184d64fb2823e58582da2c7cc804bdb98416dd81bde8a405f4d38c8030f6	identical
tools/fluid-probes/f4/probes/PumpLineProbe.java	156613b61bc5e4ede519451dcd6600cc4d5ebdc7ccb9c3d1d28f12172ad1eae6	documentation/fluid-followups/f4-logs/probes/PumpLineProbe.java	156613b61bc5e4ede519451dcd6600cc4d5ebdc7ccb9c3d1d28f12172ad1eae6	identical
tools/fluid-probes/f4/probes/build-nitrogen-viscosity-tables.js	ec9351178e112cc3c53bcd31a3f9e4060b8c03db238cfe904390058696ade881	documentation/fluid-followups/f4-logs/probes/build-nitrogen-viscosity-tables.js	ec9351178e112cc3c53bcd31a3f9e4060b8c03db238cfe904390058696ade881	identical
tools/fluid-probes/f4/probes/fit-nitrogen-cp-low.js	3c3401a892add9c07af9ea70f1c753613bb0b9f42162c91824a6e4aead11e53f	documentation/fluid-followups/f4-logs/probes/fit-nitrogen-cp-low.js	3c3401a892add9c07af9ea70f1c753613bb0b9f42162c91824a6e4aead11e53f	identical
tools/fluid-probes/f4/probes/sci.sh	78f6be83e3ff1ff79f17ec07b2388d2174f3f84eea0872fe49fc7cdde94e9da5	documentation/fluid-followups/f4-logs/probes/sci.sh	78f6be83e3ff1ff79f17ec07b2388d2174f3f84eea0872fe49fc7cdde94e9da5	identical
tools/fluid-probes/f4/probes/write-nitrogen-record.js	ef94a1dd10f3ae883f07393cf9ab49597fceb9ba18ad66f9ae650b763e90ce33	documentation/fluid-followups/f4-logs/probes/write-nitrogen-record.js	ef94a1dd10f3ae883f07393cf9ab49597fceb9ba18ad66f9ae650b763e90ce33	identical
tools/fluid-probes/f4/run-scripts/gates.sh	019fd011c41c490a31b1be95e28b835f19165fa5ae9871bf9b6f20d954844a8b	documentation/fluid-followups/f4-logs/gates.sh	019fd011c41c490a31b1be95e28b835f19165fa5ae9871bf9b6f20d954844a8b	identical
tools/fluid-probes/wp0/README.md	a48d68bd206b9ee6df7b175118fb92b01ab6de51fd053120ae8704a33b5e16cf	written	-	written
tools/fluid-probes/wp0/probes/TransientFixtureProbe.java.txt	6f74d55eed8182f7a2779ae3131e94a0558080ab89926ec54a8ba4db515c019d	documentation/fluid-scheduler/wp0-reference/TransientFixtureProbe.java.txt	6f74d55eed8182f7a2779ae3131e94a0558080ab89926ec54a8ba4db515c019d	identical
tools/fluid-probes/wp2/README.md	e78d68caf125cead4f0d7f6f4abb4faf2a2b91c117ffca0ce52a491319985188	written	-	written
tools/fluid-probes/wp2/probes/ScratchWp2SettlingProbeTest.java.txt	b2b1d6e6de3f9ff06fefb4ffce30ce71d1adf7b0ae0f9acab695096b78a9d1cb	documentation/fluid-scheduler/wp2-probes/ScratchWp2SettlingProbeTest.java.txt	b2b1d6e6de3f9ff06fefb4ffce30ce71d1adf7b0ae0f9acab695096b78a9d1cb	identical
tools/fluid-probes/wp2/probes/StationarityProbe.java.txt	098c460a8fe76d69bbf9b8b59a20a9231c226e68629b47dbdd56b66eab69d2ea	documentation/fluid-scheduler/wp2-probes/StationarityProbe.java.txt	098c460a8fe76d69bbf9b8b59a20a9231c226e68629b47dbdd56b66eab69d2ea	identical
tools/fluid-probes/wp2/run-scripts/campaign.sh	ee075ff61803aa3107c067d39eb49dc05092a146b29a6cbd3b8308d2c422e1b2	documentation/fluid-scheduler/wp2-logs/campaign.sh	ee075ff61803aa3107c067d39eb49dc05092a146b29a6cbd3b8308d2c422e1b2	identical
tools/fluid-probes/wp2/run-scripts/gates.sh	e9fae022840b1d9356e1bb7a9fe2078745d9aca91c8b5057e14514e746215f6f	documentation/fluid-scheduler/wp2-logs/gates.sh	e9fae022840b1d9356e1bb7a9fe2078745d9aca91c8b5057e14514e746215f6f	identical
tools/fluid-probes/wp3/README.md	eefbbb12edab178e7d19b0a9a54810bea9ce114248a1e4717d7b3d249343dfe1	written	-	written
tools/fluid-probes/wp3/dev-edits/harness2-presentation.java.txt	c2ecb4f73ad2548046e22bca0cb8cb11641eefe7bf06fa4570d6573697ae0bf9	documentation/fluid-scheduler/wp3-logs/harness2-presentation.java.txt	c2ecb4f73ad2548046e22bca0cb8cb11641eefe7bf06fa4570d6573697ae0bf9	identical
tools/fluid-probes/wp3/dev-edits/harness2-run.java.txt	bc551d83d1fbc276201a6f07f4b7491c9349c2bcbbd69203b1f00700b6905d0f	documentation/fluid-scheduler/wp3-logs/harness2-run.java.txt	bc551d83d1fbc276201a6f07f4b7491c9349c2bcbbd69203b1f00700b6905d0f	identical
tools/fluid-probes/wp3/dev-edits/harness2.js	815c41655b4bc5288683a846313adc5759b4168441d133aab478d625267ec3ad	documentation/fluid-scheduler/wp3-logs/harness2.js	815c41655b4bc5288683a846313adc5759b4168441d133aab478d625267ec3ad	identical
tools/fluid-probes/wp3/run-scripts/campaign.sh	e9c2b572f4d57b30a1df862269268beec473e367f3319ff7a48c3fe771850b37	documentation/fluid-scheduler/wp3-logs/campaign.sh	e9c2b572f4d57b30a1df862269268beec473e367f3319ff7a48c3fe771850b37	identical
tools/fluid-probes/wp3/run-scripts/gates.sh	5a93294a2861e49e6181533d43225b640054093e52da05e0488b18fef786d80d	documentation/fluid-scheduler/wp3-logs/gates.sh	5a93294a2861e49e6181533d43225b640054093e52da05e0488b18fef786d80d	identical
tools/fluid-probes/wp4/README.md	3d540a0eeecb658c643d413641dfb9c9d602c7054cecfd1e96aa42c22167108c	written	-	written
tools/fluid-probes/wp4/dev-edits/bench-edit.js	73783d8f20f157b544997947b21f1b3756992cf1af985d285293e78c35ae822e	build/wp4tools/bench-edit.js	73783d8f20f157b544997947b21f1b3756992cf1af985d285293e78c35ae822e	identical
tools/fluid-probes/wp4/run-scripts/campaign.sh	d2d1259b1b23cd197b98b9138119204ccf45e57d81cb75b2a85e9c07d9249797	documentation/fluid-scheduler/wp4-logs/campaign.sh	d2d1259b1b23cd197b98b9138119204ccf45e57d81cb75b2a85e9c07d9249797	identical
tools/fluid-probes/wp4/run-scripts/gates.sh	4914013dda855b545e21a0d01efa55a76a4d35d767da31e64cc19b3d5a6a3608	documentation/fluid-scheduler/wp4-logs/gates.sh	4914013dda855b545e21a0d01efa55a76a4d35d767da31e64cc19b3d5a6a3608	identical
tools/mcp-gui-helpers/Field.class	99b325a73768d2c8fedec92903efeca94c9eb8a2e3772b7433317fa603a49245	build/wp3mcp/Field.class	99b325a73768d2c8fedec92903efeca94c9eb8a2e3772b7433317fa603a49245	identical
tools/mcp-gui-helpers/Field.java	f4bb733bdf3ef9194176823038d7cb550d83937a3403bba78875154279c4be3d	build/wp3mcp/Field.java	f4bb733bdf3ef9194176823038d7cb550d83937a3403bba78875154279c4be3d	identical
tools/mcp-gui-helpers/Flatten.class	5a87be39720b88ecd6c3a343ecb48766ecee2417c3beb7815cb3235e55212cd5	build/wp3mcp/Flatten.class	5a87be39720b88ecd6c3a343ecb48766ecee2417c3beb7815cb3235e55212cd5	identical
tools/mcp-gui-helpers/Flatten.java	5ff8b3a324a424ffc2206171aec8c44b84064cca501c1b01edc6b6d8ce46bd77	build/wp3mcp/Flatten.java	5ff8b3a324a424ffc2206171aec8c44b84064cca501c1b01edc6b6d8ce46bd77	identical
tools/mcp-gui-helpers/README.md	d610b188112532c62807285350374beabb09c0c02287421f603fb6a7fc3c9885	written	-	written
tools/mcp-gui-helpers/Stack.class	768b6618e22b3001814985761f1e9f70b63229fb98c05a8caa47c5f8513426ca	build/wp3mcp/Stack.class	768b6618e22b3001814985761f1e9f70b63229fb98c05a8caa47c5f8513426ca	identical
tools/mcp-gui-helpers/Stack.java	1310ea8f4c8d6538d95b7afc4a88349607d08b76afbec4f93b41fd8e3b0d5e8d	build/wp3mcp/Stack.java	1310ea8f4c8d6538d95b7afc4a88349607d08b76afbec4f93b41fd8e3b0d5e8d	identical
tools/mcp-gui-helpers/changes-from-build-wp3mcp.diff	4591405ca056c1e2cbadcefa8307b703057708a7958d683080d03eb95ffbc5c8	generated (git diff --no-index)	-	generated
tools/mcp-gui-helpers/field.ps1	82bc383824e014577af5c32b3201aa46cadce2133ed138a9d6dc70e92016fb12	build/wp3mcp/field.ps1	78605f74563661d8f0f135c20b39aac9722044074c5b43c727df41904af4c725	edited
tools/mcp-gui-helpers/records/shot.sh	fd5ab56e1e48532438454ca5246b0394e206d97639586e126cd0807d30ee6f35	build/wp3mcp/shot.sh	fd5ab56e1e48532438454ca5246b0394e206d97639586e126cd0807d30ee6f35	identical
tools/mcp-gui-helpers/records/shot4.sh	4fdd872d18c9d7d60bf9a6d82a67d9741e8d246ba5233870fb538c5ce8183b76	build/wp3mcp/shot4.sh	4fdd872d18c9d7d60bf9a6d82a67d9741e8d246ba5233870fb538c5ce8183b76	identical
tools/retired/README.md	1030e0140f6c8356050233c29df9ad0cf65f055f6a9bcc334ccb9e77eaf7ce5e	written	-	written
tools/retired/fluid-profile-replays/FluidModuleProfileTest.java	ded2db897f99742eefb4adbb6a66ce7eb8c0fa7a8d4bc5089000e760bb752b76	git:c1b8464:src/test/java/com/wormzjl/createcheme/fluid/benchmark/FluidModuleProfileTest.java	ded2db897f99742eefb4adbb6a66ce7eb8c0fa7a8d4bc5089000e760bb752b76	identical
tools/retired/fluid-profile-replays/FluidStressProfileTest.java	8d16d239ba27c4da81aaaaba5b244f441cf8ffb8eac2cd8b69b3c49b2741de2f	git:c1b8464:src/test/java/com/wormzjl/createcheme/fluid/benchmark/FluidStressProfileTest.java	8d16d239ba27c4da81aaaaba5b244f441cf8ffb8eac2cd8b69b3c49b2741de2f	identical
tools/retired/fluid-profile-replays/reattach.patch	0bdcc016db3d570e1e85e881a75de1c4213b6b94d74f2646b4bd244730b19c80	git diff 68d8877 68d8877~1 -- build.gradle and the two tests	-	git
