epoch_ms,online_tick,tick_ms,engine_ms
1790165619484,1,17.4639,0.5431
1790165619530,2,0.8160,0.0277
1790165619576,3,13.7631,0.0259
1790165619617,4,4.7315,0.0258
1790165619667,5,5.5342,0.0283
1790165619717,6,4.8102,0.0271
1790165619769,7,5.6383,0.0259
1790165619817,8,4.8038,0.0375
1790165619863,9,0.6211,0.0262
1790165619919,10,6.2859,0.0358
1790165619963,11,0.6248,0.0241
1790165620012,12,0.6939,0.0272
1790165620063,13,0.4827,0.0160
1790165620113,14,0.3659,0.0155
1790165620163,15,0.3534,0.0130
1790165620213,16,0.3184,0.0119
1790165620263,17,0.3642,0.0221
1790165620313,18,0.6048,0.0249
1790165620362,19,0.3536,0.0127
1790165620413,20,0.9352,0.0122
1790165620463,21,0.3585,0.0112
1790165620513,22,0.3456,0.0098
1790165620563,23,0.3375,0.0100
1790165620613,24,0.4013,0.0137
1790165620663,25,0.3479,0.0158
1790165620713,26,0.4229,0.0154
1790165620763,27,0.3814,0.0135
1790165620814,28,0.4032,0.0124
1790165620862,29,0.3424,0.0118
1790165620913,30,0.3951,0.0144
1790165620963,31,0.3601,0.0144
1790165621013,32,0.4588,0.0195
1790165621063,33,0.4648,0.0184
1790165621112,34,0.3714,0.0126
1790165621163,35,0.4304,0.0119
1790165621213,36,0.2874,0.0130
1790165621263,37,0.2901,0.0130
1790165621312,38,0.2624,0.0116
1790165621363,39,0.2227,0.0096
1790165621413,40,0.2451,0.0097
1790165621462,41,0.5147,0.0270
1790165621512,42,0.4629,0.0264
1790165621563,43,0.7531,0.0228
1790165621612,44,0.4453,0.0207
1790165621663,45,0.3331,0.0180
1790165621713,46,0.3482,0.0430
1790165621762,47,0.4856,0.0433
1790165621813,48,0.3756,0.0163
1790165621863,49,0.3834,0.0200
1790165621913,50,0.3255,0.0207
1790165621963,51,0.2957,0.0166
1790165622013,52,0.4506,0.0240
1790165622063,53,0.4101,0.0237
1790165622113,54,0.2931,0.0147
1790165622163,55,0.2682,0.0133
1790165622213,56,0.2503,0.0124
1790165622263,57,0.2671,0.0129
1790165622313,58,0.2810,0.0154
1790165622362,59,0.2635,0.0128
1790165622413,60,0.2262,0.0100
1790165622463,61,0.2134,0.0108
1790165622513,62,0.2040,0.0113
1790165622563,63,0.2616,0.0138
1790165622613,64,0.2984,0.0136
1790165622663,65,0.3850,0.0137
1790165622712,66,0.2354,0.0115
1790165622763,67,0.3142,0.0166
1790165622813,68,0.3708,0.0138
1790165622863,69,0.2091,0.0108
1790165622913,70,0.2046,0.0099
1790165622963,71,0.2409,0.0133
1790165623013,72,0.2190,0.0095
1790165623063,73,0.2050,0.0112
1790165623113,74,0.1980,0.0101
1790165623162,75,0.2221,0.0129
1790165623212,76,0.1994,0.0243
1790165623262,77,0.2190,0.0130
1790165623313,78,0.4707,0.0243
1790165623363,79,0.3039,0.0176
1790165623412,80,0.3457,0.0115
1790165623462,81,0.4059,0.0163
1790165623512,82,0.2202,0.0117
1790165623563,83,0.2090,0.0147
1790165623613,84,0.3583,0.0110
1790165623663,85,0.6623,0.0521
1790165623713,86,0.4386,0.0187
1790165623763,87,0.3595,0.0143
1790165623813,88,0.2645,0.0159
1790165623863,89,0.1696,0.0110
1790165623912,90,0.1750,0.0110
1790165623963,91,0.1662,0.0115
1790165624013,92,0.1435,0.0094
1790165624063,93,0.1377,0.0097
1790165624112,94,0.1663,0.0129
1790165624163,95,0.1545,0.0105
1790165624213,96,0.1346,0.0095
1790165624263,97,0.1318,0.0092
1790165624312,98,0.2991,0.0234
1790165624362,99,0.3705,0.0267
1790165624412,100,0.3448,0.0250
1790165624463,101,0.3579,0.0285
1790165624512,102,0.5785,0.0271
1790165624563,103,0.3719,0.0279
1790165624613,104,0.4160,0.0280
1790165624662,105,0.3570,0.0282
1790165624712,106,0.3585,0.0286
1790165624763,107,0.3565,0.0277
1790165624812,108,0.3401,0.0290
1790165624863,109,0.3417,0.0278
1790165624913,110,0.3735,0.0299
1790165626116,111,1.7029,0.0638
1790165626121,112,4.7898,4.5108
1790165626121,113,0.2186,0.0148
1790165626122,114,0.1884,0.1173
1790165626122,115,0.0772,0.0081
1790165626122,116,0.1590,0.1047
1790165626122,117,0.0990,0.0073
1790165626122,118,0.2396,0.1331
1790165626122,119,0.0713,0.0074
1790165626123,120,0.1773,0.1048
1790165626123,121,0.1571,0.0112
1790165626123,122,0.2086,0.1274
1790165626123,123,0.0772,0.0078
1790165626123,124,0.2137,0.1291
1790165626123,125,0.0748,0.0081
1790165626124,126,0.1686,0.1112
1790165626124,127,0.0652,0.0079
1790165626124,128,0.6655,0.1283
1790165626125,129,0.0915,0.0073
1790165626125,130,0.1667,0.1075
1790165626125,131,0.0576,0.0067
1790165626125,132,0.1568,0.0972
1790165626125,133,0.0566,0.0066
1790165626125,134,0.3330,0.1236
1790165626163,135,0.7019,0.0447
1790165626213,136,0.6515,0.3335
1790165626263,137,0.3254,0.0308
1790165626313,138,0.5629,0.2474
1790165626363,139,0.3155,0.0285
1790165626412,140,0.4563,0.1805
1790165626463,141,0.3226,0.0226
1790165626512,142,0.3618,0.2023
1790165626562,143,0.1522,0.0119
1790165626612,144,0.4022,0.1396
1790165626663,145,0.3715,0.0193
1790165626714,146,0.4371,0.1583
1790165626763,147,0.2563,0.0132
1790165626813,148,0.4468,0.2738
1790165626862,149,0.4191,0.0242
1790165626913,150,0.7394,0.3154
1790165626963,151,0.2243,0.0134
1790165627013,152,0.2616,0.1092
1790165627063,153,0.1441,0.0099
1790165627113,154,0.2394,0.0991
1790165627162,155,0.1675,0.0120
1790165627213,156,0.2793,0.0996
1790165627263,157,0.2837,0.0145
1790165627313,158,0.4080,0.1359
1790165627363,159,0.3140,0.0416
1790165627413,160,0.3605,0.1265
1790165627463,161,0.2880,0.0165
1790165627513,162,0.3118,0.1235
1790165627562,163,0.1587,0.0107
1790165627613,164,0.3783,0.1181
1790165627663,165,0.3015,0.0219
1790165627713,166,0.3275,0.1667
1790165627762,167,0.1575,0.0102
1790165627813,168,0.4703,0.1687
1790165627862,169,0.3489,0.0255
1790165627912,170,0.3863,0.1772
1790165627962,171,0.4452,0.0171
1790165628013,172,0.5987,0.1226
1790165628063,173,0.2220,0.0162
1790165628113,174,0.3110,0.1253
1790165628162,175,0.2383,0.0149
1790165628213,176,0.4028,0.1275
1790165628262,177,0.2499,0.0185
1790165628313,178,0.4703,0.1341
1790165628363,179,0.1920,0.0137
1790165628414,180,0.2768,0.1181
1790165628462,181,0.2368,0.0161
1790165628513,182,0.3341,0.1551
1790165628562,183,0.1496,0.0119
1790165628613,184,0.2237,0.0961
1790165628663,185,0.2265,0.0121
1790165628713,186,0.3985,0.1520
1790165628763,187,0.2954,0.0171
1790165628813,188,0.2579,0.1108
1790165628863,189,0.1807,0.0149
1790165628913,190,0.2684,0.1146
1790165628963,191,0.1468,0.0256
1790165629013,192,0.2592,0.1122
1790165629063,193,0.1720,0.0262
1790165629113,194,0.2176,0.0957
1790165629162,195,0.1426,0.0098
1790165629213,196,0.2086,0.0934
1790165629263,197,0.1364,0.0107
1790165629313,198,0.4965,0.1625
1790165629362,199,0.2462,0.0240
1790165629412,200,0.5704,0.1908
1790165629463,201,0.2770,0.0190
1790165629512,202,0.4489,0.1119
1790165629564,203,1.1966,0.0119
1790165629616,204,4.5947,0.1167
1790165629666,205,3.8974,0.0204
1790165629714,206,0.9581,0.2037
1790165629763,207,0.5674,0.0228
1790165629815,208,2.0238,0.1231
1790165629863,209,1.1857,0.0172
1790165629921,210,8.7887,8.4789
1790165629964,211,2.2788,0.0660
1790165630016,212,2.0576,0.0383
1790165630070,213,5.7479,12.4727
1790165630120,214,7.8036,10.4985
1790165630172,215,8.0814,16.7712
1790165630215,216,0.6356,12.3209
1790165630264,217,1.1172,26.4627
1790165630314,218,2.1870,24.4088
1790165630371,219,8.2237,4.2894
1790165630415,220,1.0773,8.1511
1790165630463,221,0.4154,6.7015
1790165630512,222,0.6662,0.2886
1790165630563,223,0.2969,0.0250
1790165630613,224,0.4914,0.2127
1790165630663,225,0.4737,0.0295
1790165630713,226,0.6181,0.2761
1790165630763,227,0.2854,0.0237
1790165630813,228,0.4752,0.2110
1790165630863,229,0.3087,0.0245
1790165630912,230,0.5174,0.2348
1790165630963,231,0.3039,0.0226
1790165631013,232,0.4081,0.2024
1790165631063,233,0.1894,0.0156
1790165631113,234,0.3998,0.1442
1790165631163,235,0.1423,0.0109
1790165631212,236,0.2492,0.1303
1790165631263,237,0.1209,0.0088
1790165631313,238,0.2809,0.1365
1790165631363,239,0.2734,0.0212
1790165631413,240,0.3858,0.1595
1790165631463,241,0.3061,0.0174
1790165631513,242,0.3838,0.1639
1790165631562,243,0.1357,0.0107
1790165631612,244,0.2916,0.1562
1790165631663,245,0.1229,0.0099
1790165631713,246,0.2246,0.1158
1790165631763,247,0.1075,0.0081
1790165631812,248,0.2033,0.1071
1790165631863,249,0.0992,0.0068
1790165631912,250,0.3749,0.1922
1790165631963,251,0.1488,0.0107
1790165632013,252,0.3009,0.1635
1790165632063,253,0.1439,0.0140
1790165632114,254,0.2478,0.1352
1790165632162,255,0.1924,0.0815
1790165632213,256,0.2949,0.1270
1790165632263,257,0.1841,0.0138
1790165632312,258,0.2889,0.1604
1790165632363,259,0.2372,0.0226
1790165632412,260,0.4137,0.2032
1790165632463,261,0.2760,0.0233
1790165632512,262,0.4500,0.2377
1790165632562,263,0.1549,0.0125
1790165632613,264,0.2631,0.1257
1790165632663,265,0.1338,0.0103
1790165632713,266,0.2220,0.1084
1790165632763,267,0.1203,0.0091
1790165632813,268,0.2085,0.1026
1790165632863,269,0.1076,0.0075
1790165632913,270,0.2094,0.0995
1790165632962,271,0.1957,0.0155
1790165633013,272,0.2880,0.1379
1790165633063,273,0.1377,0.0092
1790165633112,274,0.2852,0.1314
1790165633162,275,0.1545,0.0113
1790165633213,276,0.2419,0.1190
1790165633263,277,0.1131,0.0080
1790165633312,278,0.2323,0.1144
1790165633362,279,0.1283,0.0089
1790165633413,280,0.2682,0.1279
1790165633462,281,0.1314,0.0090
1790165633512,282,0.2440,0.1243
1790165633562,283,0.1178,0.0083
1790165633612,284,0.2323,0.1194
1790165633663,285,0.1163,0.0083
1790165633713,286,0.4285,0.1959
1790165633763,287,0.1288,0.0098
1790165633812,288,0.2462,0.1193
1790165633863,289,0.1161,0.0079
1790165633912,290,0.2311,0.1087
1790165633963,291,0.1944,0.0147
1790165634013,292,0.2730,0.1346
1790165634063,293,0.1577,0.0103
1790165634113,294,0.3199,0.1177
1790165634162,295,0.1420,0.0091
1790165634213,296,0.2193,0.1112
1790165634263,297,0.1116,0.0083
1790165634312,298,0.2753,0.1263
1790165634362,299,0.2962,0.0219
1790165634413,300,0.4774,0.1785
1790165634463,301,0.3096,0.0238
1790165634512,302,0.5935,0.1793
1790165634563,303,0.1625,0.0147
1790165634613,304,0.2609,0.1345
1790165634663,305,0.1302,0.0106
1790165634713,306,0.2410,0.1201
1790165634763,307,0.1163,0.0097
1790165634813,308,0.2482,0.1224
1790165634862,309,0.1154,0.0098
1790165634914,310,1.8794,1.7647
1790165634963,311,0.7139,12.9665
1790165635013,312,0.5791,4.1096
1790165635062,313,0.3041,0.0232
1790165635112,314,0.4088,0.1657
1790165635163,315,0.2933,0.0238
1790165635212,316,0.4241,0.1737
1790165635263,317,0.2562,0.0208
1790165635312,318,0.4040,0.1679
1790165635362,319,0.2507,0.0211
1790165635412,320,0.6452,0.2742
1790165635463,321,0.2500,0.0214
1790165635512,322,0.4785,0.1648
1790165635563,323,0.2677,0.0202
1790165635613,324,0.3742,0.1928
1790165635663,325,0.1404,0.0112
1790165635713,326,0.2715,0.1565
1790165635762,327,0.1248,0.0089
1790165635813,328,0.2669,0.1318
1790165635863,329,0.0967,0.0079
1790165635913,330,0.2117,0.1058
1790165635963,331,0.0971,0.0073
1790165636013,332,0.2827,0.1324
1790165636063,333,0.1329,0.0099
1790165636113,334,0.2524,0.1292
1790165636163,335,0.1144,0.0077
1790165636213,336,0.2705,0.1675
1790165636262,337,0.0982,0.0063
1790165636313,338,0.3078,0.2040
1790165636363,339,0.2713,0.0229
1790165636413,340,0.3882,0.1469
1790165636463,341,0.1533,0.0115
1790165636513,342,0.2999,0.1404
1790165636562,343,0.1841,0.0150
1790165636613,344,0.3026,0.1419
1790165636663,345,0.1378,0.0097
1790165636713,346,0.3170,0.1517
1790165636762,347,0.1373,0.0097
1790165636813,348,0.3585,0.1532
1790165636863,349,0.1430,0.0104
1790165636913,350,0.3006,0.1694
1790165636962,351,0.1203,0.0173
1790165637013,352,0.2730,0.1268
1790165637063,353,0.1182,0.0083
1790165637113,354,0.2300,0.1139
1790165637162,355,0.1159,0.0073
1790165637213,356,0.2171,0.1063
1790165637263,357,0.1051,0.0065
1790165637313,358,0.2261,0.1012
1790165637363,359,0.1736,0.0124
1790165637413,360,0.3853,0.1402
1790165637463,361,0.1506,0.0108
1790165637513,362,0.2375,0.1170
1790165637563,363,0.1112,0.0076
1790165637612,364,0.2260,0.1153
1790165637663,365,0.1100,0.0069
1790165637712,366,0.2412,0.1224
1790165637762,367,0.1027,0.0068
1790165637813,368,0.2023,0.1054
1790165637863,369,0.0935,0.0061
1790165637913,370,0.1972,0.0927
1790165637962,371,0.1324,0.0061
1790165638013,372,0.2207,0.1042
1790165638063,373,0.1781,0.0136
1790165638113,374,0.2818,0.1510
1790165638163,375,0.1222,0.0087
1790165638212,376,0.2133,0.1028
1790165638263,377,0.1235,0.0073
1790165638312,378,0.2187,0.1048
1790165638363,379,0.1179,0.0084
1790165638412,380,0.2356,0.1030
1790165638463,381,0.1030,0.0066
1790165638512,382,0.3284,0.1289
1790165638562,383,0.2236,0.0152
1790165638613,384,0.3543,0.1421
1790165638662,385,0.2949,0.0162
1790165638713,386,0.5266,0.2098
1790165638763,387,0.1775,0.0146
1790165638813,388,0.2200,0.0983
1790165638863,389,0.1102,0.0098
1790165638912,390,0.2056,0.0880
1790165638963,391,0.1018,0.0087
1790165639013,392,0.1787,0.0857
1790165639062,393,0.1639,0.0158
1790165639113,394,0.2297,0.1040
1790165639163,395,0.1173,0.0087
1790165639214,396,0.1993,0.0906
1790165639263,397,0.0969,0.0077
1790165639313,398,0.2069,0.0937
1790165639363,399,0.1380,0.0085
1790165639413,400,0.2628,0.1255
1790165639463,401,0.1255,0.0107
1790165639513,402,0.3232,0.0936
1790165639563,403,0.1084,0.0084
1790165639614,404,0.1847,0.0879
1790165639663,405,0.1068,0.0068
1790165639713,406,0.1801,0.0846
1790165639763,407,0.1270,0.0089
1790165639813,408,0.1919,0.0942
1790165639862,409,0.1080,0.0083
1790165639912,410,0.6603,0.5487
1790165639963,411,0.6468,7.5507
1790165640013,412,0.4010,2.9148
1790165640063,413,0.2311,0.0227
1790165640113,414,0.3803,0.1376
1790165640163,415,0.3072,0.0272
1790165640213,416,0.3233,0.1255
1790165640263,417,0.2333,0.0254
1790165640313,418,0.3314,0.1249
1790165640363,419,0.2191,0.0226
1790165640413,420,0.3821,0.1422
1790165640463,421,0.2359,0.0274
1790165640513,422,0.3239,0.1227
1790165640562,423,0.2136,0.0219
1790165640612,424,0.2341,0.1060
1790165640663,425,0.1340,0.0115
1790165640712,426,0.2060,0.0903
1790165640763,427,0.1158,0.0091
1790165640813,428,0.1773,0.0776
1790165640862,429,0.0921,0.0069
1790165640912,430,0.1659,0.0701
1790165640963,431,0.0900,0.0065
1790165641014,432,0.2179,0.1238
1790165641063,433,0.0878,0.0068
1790165641113,434,0.2274,0.0977
1790165641162,435,0.1277,0.0096
1790165641213,436,0.2855,0.1280
1790165641263,437,0.0947,0.0072
1790165641313,438,0.2063,0.1149
1790165641362,439,0.1500,0.0121
1790165641413,440,0.2584,0.1132
1790165641463,441,0.1066,0.0085
1790165641512,442,0.2035,0.1015
1790165641562,443,0.2014,0.0199
1790165641613,444,0.2622,0.1079
1790165641663,445,0.2488,0.0689
1790165641713,446,0.2322,0.1106
1790165641764,447,0.1185,0.0104
1790165641813,448,0.2919,0.1100
1790165641863,449,0.1034,0.0087
1790165641913,450,0.2110,0.0978
1790165641962,451,0.1026,0.0152
1790165642013,452,0.1729,0.0828
1790165642063,453,0.0897,0.0079
1790165642113,454,0.2424,0.1006
1790165642163,455,0.1297,0.0103
1790165642212,456,0.1875,0.0881
1790165642263,457,0.1947,0.0199
1790165642312,458,0.3307,0.1225
1790165642362,459,0.2055,0.0223
1790165642413,460,0.2790,0.1078
1790165642463,461,0.1460,0.0131
1790165642512,462,0.2904,0.1152
1790165642563,463,0.1303,0.0117
1790165642613,464,0.2139,0.1002
1790165642663,465,0.1240,0.0099
1790165642712,466,0.1911,0.0887
1790165642763,467,0.1743,0.0155
1790165642813,468,0.2185,0.1000
1790165642862,469,0.1063,0.0087
1790165642913,470,0.2388,0.0938
1790165642962,471,0.1103,0.0092
1790165643013,472,0.1802,0.0845
1790165643063,473,0.1118,0.0091
1790165643113,474,0.1803,0.0879
1790165643163,475,0.1441,0.0120
1790165643213,476,0.2088,0.0939
1790165643262,477,0.0965,0.0081
1790165643313,478,0.1768,0.0827
1790165643363,479,0.1024,0.0073
1790165643413,480,0.2491,0.0982
1790165643463,481,0.1391,0.0124
1790165643513,482,0.1975,0.0931
1790165643563,483,0.1146,0.0086
1790165643613,484,0.1979,0.0932
1790165643663,485,0.1720,0.0114
1790165643714,486,0.1777,0.0845
1790165643763,487,0.1815,0.0171
1790165643813,488,0.2061,0.0973
1790165643863,489,0.1197,0.0081
1790165643913,490,0.2668,0.0995
1790165643963,491,0.1086,0.0089
1790165644013,492,0.1785,0.0860
1790165644063,493,0.0959,0.0081
1790165644112,494,0.1709,0.0804
1790165644163,495,0.1625,0.0149
1790165644213,496,0.3169,0.1341
1790165644263,497,0.1267,0.0084
1790165644313,498,0.1714,0.0805
1790165644362,499,0.0930,0.0065
1790165644413,500,0.2127,0.0925
1790165644463,501,0.0923,0.0067
1790165644513,502,0.4567,0.1055
1790165644563,503,0.2305,0.0255
1790165644613,504,0.3358,0.1239
1790165644663,505,0.1678,0.0139
1790165644713,506,0.2466,0.1049
1790165644763,507,0.1380,0.0124
1790165644813,508,0.2150,0.0985
1790165644863,509,0.1106,0.0094
1790165644913,510,0.6585,0.5388
1790165644963,511,0.6411,3.4430
1790165645012,512,0.4850,2.7084
1790165645063,513,0.3134,0.0865
1790165645113,514,0.3604,0.1427
1790165645162,515,0.2303,0.0144
1790165645213,516,0.3855,0.1851
1790165645262,517,0.2042,0.0116
1790165645312,518,0.3813,0.1826
1790165645363,519,0.2209,0.0131
1790165645412,520,0.3576,0.1025
1790165645463,521,0.2052,0.0121
1790165645513,522,0.2878,0.1246
1790165645562,523,0.2089,0.0125
1790165645613,524,0.3055,0.1030
1790165645662,525,0.1507,0.0086
1790165645712,526,0.1985,0.0811
1790165645763,527,0.1843,0.0109
1790165645812,528,0.2087,0.0899
1790165645863,529,0.0938,0.0052
1790165645913,530,0.2305,0.0838
1790165645963,531,0.0920,0.0052
1790165646013,532,0.1558,0.0696
1790165646063,533,0.0791,0.0049
1790165646113,534,0.1506,0.0679
1790165646163,535,0.0831,0.0041
1790165646213,536,0.2266,0.0877
1790165646263,537,0.1076,0.0067
1790165646313,538,0.2166,0.0826
1790165646362,539,0.1482,0.0062
1790165646412,540,0.2286,0.0808
1790165646462,541,0.1556,0.0083
1790165646513,542,0.2044,0.0864
1790165646563,543,0.1008,0.0056
1790165646613,544,0.1877,0.0835
1790165646663,545,0.1105,0.0061
1790165646712,546,0.1876,0.0820
1790165646763,547,0.1750,0.0065
1790165646812,548,0.1801,0.0855
1790165646863,549,0.0967,0.0052
1790165646913,550,0.2449,0.1330
1790165646962,551,0.1008,0.0118
1790165647013,552,0.1657,0.0789
1790165647062,553,0.0829,0.0049
1790165647113,554,0.1600,0.0761
1790165647162,555,0.1007,0.0046
1790165647213,556,0.2404,0.0932
1790165647263,557,0.1519,0.0340
1790165647313,558,0.2019,0.1012
1790165647363,559,0.1240,0.0188
1790165647412,560,0.2078,0.0801
1790165647462,561,0.0948,0.0047
1790165647512,562,0.1733,0.0858
1790165647563,563,0.0863,0.0038
1790165647613,564,0.1807,0.0775
1790165647662,565,0.2123,0.0115
1790165647713,566,0.3190,0.1123
1790165647763,567,0.2029,0.0084
1790165647814,568,0.2159,0.0936
1790165647862,569,0.1011,0.0060
1790165647912,570,0.1955,0.0797
1790165647963,571,0.0986,0.0058
1790165648013,572,0.1801,0.0783
1790165648063,573,0.0904,0.0053
1790165648113,574,0.1688,0.0794
1790165648163,575,0.0962,0.0042
1790165648213,576,0.1902,0.0952
1790165648263,577,0.1712,0.0091
1790165648313,578,0.2334,0.0978
1790165648363,579,0.1384,0.0068
1790165648413,580,0.2333,0.0902
1790165648463,581,0.1084,0.0058
1790165648512,582,0.1767,0.0795
1790165648563,583,0.0947,0.0054
1790165648612,584,0.1807,0.0803
1790165648662,585,0.1173,0.0058
1790165648713,586,0.1754,0.0780
1790165648763,587,0.0863,0.0045
1790165648813,588,0.2462,0.0890
1790165648863,589,0.1111,0.0059
1790165648913,590,0.2190,0.0887
1790165648963,591,0.0987,0.0059
1790165649013,592,0.1745,0.0803
1790165649062,593,0.0915,0.0053
1790165649113,594,0.1779,0.0845
1790165649162,595,0.1075,0.0052
1790165649213,596,0.1602,0.0730
1790165649263,597,0.1316,0.0067
1790165649312,598,0.1999,0.0780
1790165649362,599,0.1527,0.0054
1790165649413,600,0.2247,0.0740
1790165649465,601,2.0725,0.0113
1790165649513,602,0.3483,0.0924
1790165649563,603,0.1615,0.0084
1790165649613,604,0.2367,0.0932
1790165649663,605,0.1283,0.0069
1790165649713,606,0.2086,0.0895
1790165649762,607,0.1055,0.0067
1790165649812,608,0.1913,0.0850
1790165649863,609,0.0982,0.0061
1790165649913,610,0.6706,0.5658
1790165649963,611,0.4548,2.4914
1790165650013,612,0.3241,1.2398
1790165650063,613,0.1992,0.0119
1790165650113,614,0.3051,0.0982
1790165650162,615,0.2116,0.0123
1790165650213,616,0.2764,0.0923
1790165650262,617,0.1896,0.0109
1790165650313,618,0.2105,0.0876
1790165650362,619,0.1204,0.0079
1790165650412,620,0.2114,0.0843
1790165650463,621,0.0972,0.0058
1790165650512,622,0.2076,0.0860
1790165650563,623,0.1298,0.0075
1790165650613,624,0.2950,0.1004
1790165650662,625,0.2101,0.0122
1790165650713,626,0.2929,0.0982
1790165650762,627,0.1477,0.0086
1790165650813,628,0.2179,0.0868
1790165650863,629,0.1100,0.0071
1790165650912,630,0.1868,0.0720
1790165650963,631,0.1130,0.0068
1790165651013,632,0.1764,0.0750
1790165651064,633,0.0970,0.0054
1790165651113,634,0.1728,0.0742
1790165651162,635,0.1009,0.0053
1790165651213,636,0.1680,0.0728
1790165651263,637,0.0873,0.0046
1790165651312,638,0.2577,0.1077
1790165651364,639,0.1929,0.0092
1790165651412,640,0.2271,0.0819
1790165651463,641,0.2426,0.0082
1790165651513,642,0.1785,0.0786
1790165651563,643,0.1017,0.0050
1790165651612,644,0.1760,0.0797
1790165651663,645,0.1251,0.0051
1790165651712,646,0.2198,0.0881
1790165651763,647,0.1166,0.0060
1790165651813,648,0.1830,0.0804
1790165651862,649,0.2103,0.0125
1790165651913,650,0.4904,0.1471
1790165651963,651,0.2188,0.0218
1790165652013,652,0.2901,0.0985
1790165652063,653,0.1990,0.0117
1790165652112,654,0.2790,0.0989
1790165652163,655,0.1658,0.0090
1790165652213,656,0.2165,0.0909
1790165652262,657,0.1103,0.0070
1790165652313,658,0.2329,0.0908
1790165652363,659,0.1377,0.0082
1790165652413,660,0.2231,0.0830
1790165652462,661,0.1477,0.0088
1790165652513,662,0.2246,0.0898
1790165652563,663,0.1117,0.0070
1790165652612,664,0.1770,0.0759
1790165652664,665,0.1053,0.0058
1790165652712,666,0.1808,0.0770
1790165652763,667,0.0977,0.0054
1790165652813,668,0.2087,0.0823
1790165652862,669,0.1093,0.0062
1790165652913,670,0.1802,0.0728
1790165652963,671,0.0962,0.0051
1790165653013,672,0.1625,0.0715
1790165653063,673,0.1710,0.0073
1790165653112,674,0.1495,0.0690
1790165653164,675,0.0890,0.0039
1790165653212,676,0.1485,0.0688
1790165653263,677,0.0758,0.0040
1790165653313,678,0.2063,0.0784
1790165653363,679,0.1163,0.0068
1790165653412,680,0.2020,0.0729
1790165653463,681,0.0932,0.0050
1790165653512,682,0.1591,0.0682
1790165653562,683,0.0856,0.0040
1790165653612,684,0.1455,0.0642
1790165653663,685,0.1194,0.0045
1790165653712,686,0.1495,0.0639
1790165653763,687,0.1864,0.0100
1790165653812,688,0.2382,0.0918
1790165653863,689,0.1280,0.0073
1790165653912,690,0.2168,0.0847
1790165653962,691,0.1067,0.0067
1790165654012,692,0.1761,0.0771
1790165654062,693,0.1015,0.0055
1790165654113,694,0.1655,0.0710
1790165654162,695,0.1005,0.0050
1790165654213,696,0.1705,0.0713
1790165654262,697,0.0794,0.0045
1790165654313,698,0.1410,0.0627
1790165654362,699,0.1503,0.0084
1790165654413,700,0.2275,0.0831
1790165654462,701,0.1131,0.0066
1790165654512,702,0.2356,0.0918
1790165654563,703,0.2653,0.0069
1790165654612,704,0.2877,0.0997
1790165654663,705,0.2125,0.0134
1790165654713,706,0.2373,0.0937
1790165654763,707,0.1551,0.0094
1790165654813,708,0.2481,0.0980
1790165654863,709,0.1205,0.0077
1790165654912,710,0.5840,0.4382
1790165654962,711,0.2992,2.6817
1790165655013,712,0.3156,0.9378
1790165655062,713,0.2628,0.0124
1790165655113,714,0.3078,0.0948
1790165655163,715,0.2067,0.0125
1790165655213,716,0.2841,0.0981
1790165655263,717,0.2045,0.0122
1790165655312,718,0.2844,0.0987
1790165655363,719,0.1917,0.0115
1790165655412,720,0.2542,0.0907
1790165655463,721,0.1325,0.0079
1790165655512,722,0.2435,0.0910
1790165655563,723,0.1225,0.0078
1790165655612,724,0.2017,0.0848
1790165655662,725,0.1236,0.0067
1790165655713,726,0.1843,0.0764
1790165655762,727,0.1012,0.0065
1790165655813,728,0.1804,0.0808
1790165655862,729,0.1038,0.0060
1790165655913,730,0.1700,0.0707
1790165655963,731,0.0855,0.0053
1790165656012,732,0.1509,0.0690
1790165656063,733,0.0907,0.0054
1790165656112,734,0.1534,0.0681
1790165656163,735,0.0886,0.0039
1790165656213,736,0.1717,0.0689
1790165656263,737,0.1112,0.0041
1790165656313,738,0.1486,0.0682
1790165656363,739,0.1024,0.0045
1790165656412,740,0.2780,0.0923
1790165656463,741,0.1223,0.0057
1790165656513,742,0.1803,0.0813
1790165656562,743,0.0927,0.0044
1790165656613,744,0.2560,0.1025
1790165656662,745,0.0928,0.0043
1790165656714,746,0.1593,0.0720
1790165656763,747,0.0899,0.0040
1790165656813,748,0.2774,0.0959
1790165656862,749,0.1369,0.0080
1790165656913,750,0.2460,0.1251
1790165656962,751,0.1330,0.0165
1790165657012,752,0.1853,0.0791
1790165657063,753,0.1015,0.0061
1790165657112,754,0.1702,0.0746
1790165657163,755,0.1084,0.0056
1790165657213,756,0.1883,0.0738
1790165657262,757,0.0832,0.0045
1790165657313,758,0.1498,0.0696
1790165657363,759,0.1008,0.0045
1790165657413,760,0.2326,0.0833
1790165657463,761,0.2034,0.0121
1790165657512,762,0.2897,0.0972
1790165657563,763,0.1335,0.0080
1790165657612,764,0.2017,0.0788
1790165657663,765,0.1130,0.0067
1790165657713,766,0.1702,0.0743
1790165657762,767,0.0963,0.0047
1790165657813,768,0.2243,0.0925
1790165657863,769,0.1117,0.0056
1790165657912,770,0.1880,0.0757
1790165657963,771,0.0961,0.0053
1790165658013,772,0.2006,0.1011
1790165658063,773,0.1849,0.0080
1790165658113,774,0.1513,0.0671
1790165658162,775,0.0936,0.0044
1790165658212,776,0.1520,0.0696
1790165658263,777,0.0830,0.0040
1790165658313,778,0.1445,0.0619
1790165658362,779,0.0877,0.0042
1790165658412,780,0.1920,0.0716
1790165658463,781,0.1533,0.0071
1790165658512,782,0.2420,0.0877
1790165658563,783,0.1329,0.0072
1790165658613,784,0.2051,0.0787
1790165658663,785,0.1092,0.0060
1790165658713,786,0.1648,0.0707
1790165658762,787,0.0892,0.0048
1790165658812,788,0.1671,0.0694
1790165658863,789,0.1474,0.0072
1790165658913,790,0.1885,0.0767
1790165658962,791,0.1146,0.0055
1790165659012,792,0.1715,0.0748
1790165659063,793,0.0875,0.0048
1790165659112,794,0.1549,0.0683
1790165659163,795,0.0937,0.0040
1790165659213,796,0.1580,0.0734
1790165659263,797,0.0790,0.0044
1790165659312,798,0.1603,0.0780
1790165659362,799,0.1014,0.0049
1790165659413,800,0.1731,0.0645
1790165659462,801,0.1423,0.0068
1790165659512,802,0.1845,0.0788
1790165659563,803,0.0900,0.0042
1790165659612,804,0.2837,0.0653
1790165659664,805,0.0939,0.0048
1790165659712,806,0.1498,0.0625
1790165659763,807,0.0803,0.0038
1790165659814,808,0.2413,0.0838
1790165659863,809,0.1485,0.0082
1790165659913,810,0.4734,0.3424
1790165659962,811,0.2866,1.7833
1790165660013,812,0.2166,0.8860
1790165660063,813,0.1094,0.0037
1790165660113,814,0.1656,0.0614
1790165660163,815,0.1058,0.0038
1790165660213,816,0.1578,0.0600
1790165660263,817,0.0939,0.0039
1790165660313,818,0.1462,0.0594
1790165660362,819,0.1081,0.0044
1790165660413,820,0.1724,0.0638
1790165660462,821,0.1413,0.0094
1790165660513,822,0.1839,0.0771
1790165660563,823,0.0966,0.0053
1790165660612,824,0.1627,0.0687
1790165660662,825,0.1049,0.0056
1790165660713,826,0.2986,0.0981
1790165660762,827,0.1879,0.0110
1790165660812,828,0.2371,0.0889
1790165660862,829,0.1311,0.0083
1790165660913,830,0.2158,0.0861
1790165660962,831,0.1050,0.0068
1790165661013,832,0.1821,0.0801
1790165661063,833,0.1321,0.0080
1790165661112,834,0.2222,0.0834
1790165661162,835,0.1561,0.0070
1790165661212,836,0.2207,0.0809
1790165661262,837,0.0910,0.0060
1790165661313,838,0.2692,0.1194
1790165661363,839,0.1030,0.0061
1790165661413,840,0.2072,0.0935
1790165661463,841,0.0878,0.0053
1790165661513,842,0.2110,0.0821
1790165661563,843,0.1554,0.0081
1790165661612,844,0.2022,0.0828
1790165661663,845,0.1095,0.0060
1790165661712,846,0.1860,0.0752
1790165661763,847,0.0947,0.0051
1790165661813,848,0.1538,0.0661
1790165661863,849,0.1618,0.0083
1790165661912,850,0.2548,0.0979
1790165661963,851,0.1268,0.0112
1790165662013,852,0.2072,0.0824
1790165662062,853,0.1296,0.0069
1790165662113,854,0.1954,0.0748
1790165662162,855,0.1057,0.0052
1790165662214,856,0.3173,0.1287
1790165662262,857,0.1128,0.0058
1790165662313,858,0.2891,0.0965
1790165662363,859,0.1779,0.0104
1790165662412,860,0.2515,0.0875
1790165662463,861,0.1126,0.0065
1790165662512,862,0.2548,0.0904
1790165662563,863,0.1263,0.0073
1790165662613,864,0.1826,0.0768
1790165662663,865,0.1097,0.0066
1790165662713,866,0.1705,0.0706
1790165662763,867,0.0934,0.0058
1790165662813,868,0.3073,0.0985
1790165662862,869,0.1820,0.0097
1790165662912,870,0.2686,0.0893
1790165662963,871,0.1141,0.0068
1790165663013,872,0.2683,0.1031
1790165663063,873,0.1024,0.0057
1790165663114,874,0.1676,0.0713
1790165663163,875,0.1021,0.0063
1790165663212,876,0.1627,0.0713
1790165663263,877,0.0881,0.0050
1790165663313,878,0.1464,0.0646
1790165663362,879,0.1537,0.0082
1790165663413,880,0.2184,0.0802
1790165663462,881,0.1138,0.0063
1790165663513,882,0.2305,0.0875
1790165663563,883,0.1141,0.0069
1790165663613,884,0.2143,0.1148
1790165663663,885,0.1287,0.0061
1790165663712,886,0.2173,0.1231
1790165663763,887,0.1623,0.0082
1790165663812,888,0.3514,0.1677
1790165663863,889,0.1598,0.0071
1790165663912,890,0.2219,0.0797
1790165663963,891,0.1427,0.0077
1790165664012,892,0.1691,0.0723
1790165664063,893,0.0922,0.0051
1790165664113,894,0.1814,0.0863
1790165664162,895,0.0997,0.0055
1790165664213,896,0.1859,0.0669
1790165664262,897,0.1377,0.0055
1790165664313,898,0.1596,0.0610
1790165664363,899,0.0922,0.0048
1790165664413,900,0.1709,0.0637
1790165664463,901,0.0808,0.0040
1790165664512,902,0.1360,0.0591
1790165664562,903,0.1976,0.0117
1790165664613,904,0.3429,0.0833
1790165664662,905,0.1410,0.0085
1790165664713,906,0.2981,0.0906
1790165664763,907,0.1913,0.0119
1790165664812,908,0.2371,0.0897
1790165664863,909,0.1108,0.0078
1790165664912,910,0.4270,0.3015
1790165664962,911,0.3322,1.7404
1790165665013,912,0.2342,0.7067
1790165665062,913,0.1457,0.0045
1790165665113,914,0.1727,0.0608
1790165665163,915,0.1087,0.0043
1790165665213,916,0.1570,0.0580
1790165665263,917,0.0917,0.0038
1790165665313,918,0.3974,0.0565
1790165665362,919,0.1168,0.0057
1790165665414,920,0.1744,0.0605
1790165665463,921,0.0973,0.0041
1790165665513,922,0.1628,0.0693
1790165665563,923,0.1936,0.0117
1790165665613,924,0.2678,0.0854
1790165665663,925,0.1886,0.0118
1790165665713,926,0.2664,0.0887
1790165665763,927,0.1783,0.0113
1790165665813,928,0.2908,0.0893
1790165665863,929,0.1414,0.0093
1790165665913,930,0.3006,0.0912
1790165665963,931,0.1890,0.0119
1790165666013,932,0.3113,0.1397
1790165666063,933,0.1592,0.0102
1790165666113,934,0.2470,0.0880
1790165666162,935,0.1764,0.0107
1790165666213,936,0.2719,0.0968
1790165666263,937,0.1516,0.0099
1790165666312,938,0.2063,0.0785
1790165666363,939,0.1080,0.0076
1790165666413,940,0.2069,0.0708
1790165666463,941,0.1017,0.0071
1790165666513,942,0.1555,0.0662
1790165666562,943,0.1263,0.0077
1790165666613,944,0.2130,0.0804
1790165666663,945,0.1900,0.0113
1790165666713,946,0.1983,0.0800
1790165666763,947,0.1104,0.0072
1790165666813,948,0.1839,0.0906
1790165666863,949,0.0879,0.0062
1790165666913,950,0.1959,0.0858
1790165666962,951,0.1034,0.0121
1790165667013,952,0.1601,0.0654
1790165667062,953,0.0890,0.0047
1790165667113,954,0.1964,0.0747
1790165667162,955,0.1087,0.0053
1790165667213,956,0.1579,0.0654
1790165667263,957,0.1240,0.0054
1790165667313,958,0.1530,0.0659
1790165667363,959,0.0910,0.0054
1790165667413,960,0.2141,0.0682
1790165667463,961,0.0790,0.0041
1790165667513,962,0.1394,0.0616
1790165667563,963,0.0853,0.0044
1790165667612,964,0.2619,0.0850
1790165667663,965,0.1656,0.0090
1790165667712,966,0.2439,0.0834
1790165667762,967,0.1326,0.0079
1790165667812,968,0.1795,0.0735
1790165667862,969,0.1211,0.0068
1790165667913,970,0.1728,0.0622
1790165667963,971,0.0939,0.0060
1790165668012,972,0.2367,0.0811
1790165668063,973,0.1160,0.0067
1790165668113,974,0.1942,0.0737
1790165668163,975,0.1157,0.0067
1790165668213,976,0.1885,0.0756
1790165668262,977,0.1066,0.0067
1790165668313,978,0.1571,0.0675
1790165668363,979,0.0993,0.0063
1790165668412,980,0.1830,0.0656
1790165668463,981,0.0974,0.0058
1790165668512,982,0.1457,0.0629
1790165668563,983,0.0811,0.0052
1790165668613,984,0.1833,0.0693
1790165668663,985,0.1126,0.0062
1790165668713,986,0.1667,0.0739
1790165668763,987,0.0946,0.0049
1790165668813,988,0.1625,0.0665
1790165668863,989,0.0856,0.0046
1790165668913,990,0.1798,0.0672
1790165668963,991,0.1540,0.0087
1790165669013,992,0.2593,0.0825
1790165669063,993,0.1034,0.0069
1790165669113,994,0.1565,0.0636
1790165669162,995,0.1047,0.0060
1790165669213,996,0.1578,0.0668
1790165669262,997,0.0890,0.0049
1790165669313,998,0.1471,0.0622
1790165669363,999,0.0885,0.0052
1790165669413,1000,0.1688,0.0610
1790165669462,1001,0.1055,0.0051
1790165669513,1002,0.1919,0.0678
1790165669563,1003,0.0813,0.0043
1790165669613,1004,0.2896,0.0688
1790165669663,1005,0.1085,0.0055
1790165669713,1006,0.1515,0.0638
1790165669763,1007,0.0849,0.0049
1790165669812,1008,0.1491,0.0620
1790165669863,1009,0.0786,0.0043
1790165669913,1010,0.4938,0.4045
1790165669962,1011,0.2185,1.4687
1790165670012,1012,0.2568,0.8648
1790165670063,1013,0.1704,0.0073
1790165670112,1014,0.1905,0.0703
1790165670163,1015,0.1162,0.0055
1790165670213,1016,0.1698,0.0653
1790165670263,1017,0.0994,0.0051
1790165670313,1018,0.1577,0.0625
1790165670363,1019,0.0992,0.0047
1790165670413,1020,0.1775,0.0621
1790165670462,1021,0.1036,0.0049
1790165670513,1022,0.1561,0.0668
1790165670563,1023,0.1274,0.0064
1790165670612,1024,0.2714,0.0934
1790165670663,1025,0.1930,0.0110
1790165670712,1026,0.2105,0.0831
1790165670763,1027,0.1383,0.0084
1790165670813,1028,0.2725,0.0883
1790165670863,1029,0.1733,0.0103
1790165670912,1030,0.2046,0.0780
1790165670963,1031,0.1040,0.0075
1790165671013,1032,0.2058,0.0977
1790165671062,1033,0.0991,0.0064
1790165671114,1034,0.1794,0.0854
1790165671162,1035,0.1048,0.0056
1790165671213,1036,0.1626,0.0649
1790165671262,1037,0.0926,0.0051
1790165671313,1038,0.2313,0.0848
1790165671363,1039,0.0981,0.0047
1790165671412,1040,0.1732,0.0630
1790165671463,1041,0.0854,0.0041
1790165671513,1042,0.1408,0.0592
1790165671562,1043,0.0804,0.0041
1790165671613,1044,0.1491,0.0593
1790165671662,1045,0.1322,0.0071
1790165671713,1046,0.1763,0.0696
1790165671762,1047,0.0989,0.0052
1790165671813,1048,0.1512,0.0621
1790165671863,1049,0.0830,0.0047
1790165671912,1050,0.1770,0.0762
1790165671963,1051,0.1692,0.0182
1790165672012,1052,0.2176,0.0800
1790165672063,1053,0.1474,0.0084
1790165672113,1054,0.1837,0.0769
1790165672163,1055,0.1073,0.0058
1790165672213,1056,0.2079,0.0775
1790165672263,1057,0.1074,0.0073
1790165672313,1058,0.1652,0.0657
1790165672363,1059,0.1243,0.0066
1790165672414,1060,0.1876,0.0684
1790165672462,1061,0.0907,0.0054
1790165672513,1062,0.1615,0.0713
1790165672563,1063,0.0856,0.0049
1790165672613,1064,0.1462,0.0621
1790165672663,1065,0.1293,0.0070
1790165672712,1066,0.1734,0.0685
1790165672763,1067,0.3622,0.0053
1790165672812,1068,0.1657,0.0623
1790165672863,1069,0.0781,0.0046
1790165672913,1070,0.1642,0.0742
1790165672963,1071,0.1441,0.0074
1790165673013,1072,0.2535,0.1170
1790165673062,1073,0.1238,0.0069
1790165673113,1074,0.1596,0.0643
1790165673163,1075,0.1000,0.0050
1790165673213,1076,0.1488,0.0615
1790165673263,1077,0.0965,0.0051
1790165673312,1078,0.1499,0.0643
1790165673362,1079,0.0944,0.0046
1790165673413,1080,0.1725,0.0618
1790165673463,1081,0.1417,0.0077
1790165673513,1082,0.2185,0.0766
1790165673563,1083,0.1334,0.0074
1790165673612,1084,0.1885,0.0737
1790165673662,1085,0.1761,0.0104
1790165673713,1086,0.2014,0.0760
1790165673762,1087,0.1115,0.0072
1790165673813,1088,0.1788,0.0688
1790165673862,1089,0.1108,0.0065
1790165673913,1090,0.1670,0.0618
1790165673962,1091,0.0878,0.0053
1790165674013,1092,0.1423,0.0570
1790165674063,1093,0.1164,0.0070
1790165674113,1094,0.1898,0.0856
1790165674162,1095,0.0989,0.0058
1790165674212,1096,0.2565,0.0882
1790165674263,1097,0.1761,0.0112
1790165674313,1098,0.2069,0.0780
1790165674362,1099,0.1195,0.0081
1790165674412,1100,0.1962,0.0680
1790165674463,1101,0.1059,0.0072
1790165674512,1102,0.1542,0.0626
1790165674563,1103,0.0873,0.0055
1790165674613,1104,0.3450,0.0598
1790165674663,1105,0.1081,0.0067
1790165674713,1106,0.2190,0.0798
1790165674763,1107,0.1297,0.0075
1790165674813,1108,0.2782,0.0867
1790165674863,1109,0.1878,0.0115
1790165674913,1110,0.4409,0.2924
1790165674962,1111,0.2416,4.8371
1790165675013,1112,0.2851,0.7172
1790165675063,1113,0.1896,0.0101
1790165675113,1114,0.2239,0.0759
1790165675163,1115,0.1287,0.0072
1790165675213,1116,0.1714,0.0656
1790165675262,1117,0.1082,0.0068
1790165675313,1118,0.1919,0.0664
1790165675362,1119,0.1025,0.0063
1790165675413,1120,0.1821,0.0617
1790165675463,1121,0.0912,0.0053
1790165675513,1122,0.1538,0.0600
1790165675563,1123,0.0840,0.0049
1790165675614,1124,0.1416,0.0585
1790165675662,1125,0.0926,0.0045
1790165675713,1126,0.2379,0.0745
1790165675762,1127,0.1331,0.0079
1790165675813,1128,0.1772,0.0679
1790165675863,1129,0.0969,0.0055
1790165675913,1130,0.1613,0.0581
1790165675963,1131,0.1106,0.0312
1790165676012,1132,0.1579,0.0739
1790165676063,1133,0.1492,0.0224
1790165676113,1134,0.2037,0.0756
1790165676163,1135,0.1130,0.0053
1790165676213,1136,0.1708,0.0670
1790165676263,1137,0.0977,0.0063
1790165676313,1138,0.1659,0.0658
1790165676362,1139,0.1022,0.0052
1790165676412,1140,0.1801,0.0630
1790165676463,1141,0.1495,0.0085
1790165676513,1142,0.2056,0.0755
1790165676563,1143,0.0996,0.0064
1790165676613,1144,0.1527,0.0598
1790165676662,1145,0.1544,0.0083
1790165676713,1146,0.2493,0.0798
1790165676763,1147,0.1134,0.0068
1790165676812,1148,0.2741,0.0945
1790165676862,1149,0.0971,0.0062
1790165676913,1150,0.1827,0.0746
1790165676963,1151,0.0921,0.0100
1790165677012,1152,0.1381,0.0556
1790165677063,1153,0.1208,0.0062
1790165677112,1154,0.1707,0.0661
1790165677163,1155,0.1552,0.0064
1790165677213,1156,0.1720,0.0672
1790165677263,1157,0.0926,0.0045
1790165677313,1158,0.2316,0.0734
1790165677362,1159,0.1287,0.0076
1790165677413,1160,0.2309,0.0728
1790165677462,1161,0.1405,0.0080
1790165677513,1162,0.1784,0.0710
1790165677563,1163,0.0914,0.0051
1790165677613,1164,0.1486,0.0600
1790165677663,1165,0.1093,0.0045
1790165677712,1166,0.1412,0.0582
1790165677763,1167,0.1278,0.0058
1790165677812,1168,0.1765,0.0659
1790165677864,1169,0.0898,0.0041
1790165677913,1170,0.1646,0.0599
1790165677962,1171,0.0966,0.0051
1790165678012,1172,0.1454,0.0596
1790165678063,1173,0.1637,0.0095
1790165678112,1174,0.2166,0.0755
1790165678162,1175,0.1411,0.0075
1790165678213,1176,0.1769,0.0696
1790165678263,1177,0.1551,0.0085
1790165678313,1178,0.1761,0.0704
1790165678362,1179,0.1130,0.0062
1790165678413,1180,0.1881,0.0650
1790165678462,1181,0.0989,0.0045
1790165678513,1182,0.1430,0.0594
1790165678563,1183,0.0807,0.0042
1790165678613,1184,0.1359,0.0557
1790165678662,1185,0.0882,0.0043
1790165678713,1186,0.1367,0.0550
1790165678762,1187,0.1294,0.0064
1790165678814,1188,0.1849,0.0754
1790165678863,1189,0.0981,0.0049
1790165678914,1190,0.1644,0.0627
1790165678963,1191,0.0827,0.0047
1790165679012,1192,0.1339,0.0554
1790165679063,1193,0.1111,0.0048
1790165679112,1194,0.2127,0.0734
1790165679163,1195,0.1455,0.0051
1790165679213,1196,0.1817,0.0713
1790165679263,1197,0.0952,0.0053
1790165679312,1198,0.1488,0.0635
1790165679364,1199,0.1155,0.0050
1790165679413,1200,0.4055,0.2884
1790165679463,1201,0.3067,1.5685
1790165679512,1202,0.2269,0.6664
1790165679563,1203,0.1195,0.0042
1790165679613,1204,0.1562,0.0523
1790165679662,1205,0.2348,0.0046
1790165679713,1206,0.2065,0.0671
1790165679763,1207,0.1062,0.0050
1790165679813,1208,0.1966,0.0685
1790165679863,1209,0.1327,0.0064
1790165679913,1210,0.1669,0.0588
1790165679962,1211,0.0890,0.0079
1790165680013,1212,0.1362,0.0522
1790165680063,1213,0.0803,0.0036
1790165680113,1214,0.1314,0.0512
1790165680163,1215,0.0985,0.0039
1790165680213,1216,0.2346,0.0765
1790165680263,1217,0.0777,0.0036
1790165680312,1218,0.1445,0.0534
1790165680363,1219,0.1261,0.0056
1790165680413,1220,0.1847,0.0603
1790165680462,1221,0.0877,0.0046
1790165680513,1222,0.1401,0.0538
1790165680563,1223,0.0813,0.0038
1790165680612,1224,0.1358,0.0517
1790165680663,1225,0.0854,0.0036
1790165680712,1226,0.1638,0.0535
1790165680763,1227,0.1114,0.0034
1790165680814,1228,0.2052,0.0580
1790165680863,1229,0.1495,0.0075
1790165680912,1230,0.3008,0.0924
1790165680963,1231,0.1570,0.0095
1790165681012,1232,0.1814,0.0713
1790165681062,1233,0.1015,0.0065
1790165681113,1234,0.2518,0.0786
1790165681163,1235,0.1914,0.0098
1790165681213,1236,0.2077,0.0741
1790165681262,1237,0.1079,0.0069
1790165681313,1238,0.1654,0.0642
1790165681364,1239,0.1200,0.0071
1790165681413,1240,0.2263,0.0800
1790165681463,1241,0.2101,0.0229
1790165681513,1242,0.2587,0.0802
1790165681563,1243,0.1661,0.0096
1790165681612,1244,0.2386,0.0764
1790165681663,1245,0.1696,0.0094
1790165681713,1246,0.2023,0.0728
1790165681763,1247,0.1083,0.0083
1790165681813,1248,0.2559,0.0792
1790165681863,1249,0.1502,0.0091
1790165681913,1250,0.2099,0.0704
1790165681963,1251,0.1424,0.0088
1790165682013,1252,0.2011,0.0735
1790165682063,1253,0.1305,0.0080
1790165682113,1254,0.1831,0.0694
1790165682163,1255,0.1181,0.0070
1790165682212,1256,0.1920,0.0710
1790165682262,1257,0.0974,0.0060
1790165682313,1258,0.1556,0.0627
1790165682363,1259,0.1023,0.0053
1790165682413,1260,0.2302,0.0710
1790165682463,1261,0.1072,0.0059
1790165682514,1262,0.1588,0.0624
1790165682563,1263,0.0914,0.0046
1790165682612,1264,0.1562,0.0597
1790165682662,1265,0.0991,0.0048
1790165682713,1266,0.1409,0.0567
1790165682762,1267,0.0815,0.0045
1790165682813,1268,0.1357,0.0533
1790165682862,1269,0.1521,0.0084
1790165682913,1270,0.1819,0.0643
1790165682962,1271,0.1056,0.0076
1790165683012,1272,0.1553,0.0610
1790165683062,1273,0.0898,0.0054
1790165683113,1274,0.2084,0.0813
1790165683162,1275,0.1640,0.0114
1790165683212,1276,0.1719,0.0649
1790165683263,1277,0.1618,0.0078
1790165683312,1278,0.1532,0.0617
1790165683363,1279,0.1115,0.0047
1790165683412,1280,0.2130,0.0644
1790165683464,1281,0.0918,0.0046
1790165683513,1282,0.1368,0.0560
1790165683563,1283,0.0798,0.0045
1790165683612,1284,0.1313,0.0534
1790165683663,1285,0.2659,0.0067
1790165683713,1286,0.2087,0.0668
1790165683764,1287,0.1742,0.0086
1790165683812,1288,0.1537,0.0612
1790165683863,1289,0.1373,0.0077
1790165683913,1290,0.4257,0.2809
1790165683963,1291,0.2726,1.3347
1790165684013,1292,0.1723,0.9317
1790165684063,1293,0.1143,0.0037
1790165684113,1294,0.1559,0.0482
1790165684162,1295,0.2174,0.0111
1790165684213,1296,0.2144,0.0739
1790165684263,1297,0.1809,0.0089
1790165684312,1298,0.1716,0.0689
1790165684363,1299,0.1865,0.0095
1790165684413,1300,0.2028,0.0679
1790165684464,1301,0.1065,0.0061
1790165684512,1302,0.1584,0.0624
1790165684562,1303,0.0884,0.0050
1790165684613,1304,0.1370,0.0555
1790165684662,1305,0.2146,0.0041
1790165684713,1306,0.1609,0.0650
1790165684763,1307,0.0743,0.0040
1790165684813,1308,0.1236,0.0484
1790165684862,1309,0.1362,0.0065
1790165684913,1310,0.2896,0.0834
1790165684963,1311,0.1905,0.0156
1790165685013,1312,0.2148,0.0753
1790165685063,1313,0.1139,0.0080
1790165685112,1314,0.1743,0.0634
1790165685163,1315,0.1088,0.0070
1790165685212,1316,0.1661,0.0635
1790165685262,1317,0.0960,0.0070
1790165685313,1318,0.1710,0.0636
1790165685362,1319,0.1107,0.0068
1790165685412,1320,0.2094,0.0666
1790165685463,1321,0.1149,0.0059
1790165685513,1322,0.1579,0.0636
1790165685563,1323,0.1195,0.0061
1790165685613,1324,0.1445,0.0593
1790165685663,1325,0.0855,0.0038
1790165685713,1326,0.2207,0.0758
1790165685763,1327,0.1206,0.0074
1790165685812,1328,0.1659,0.0653
1790165685863,1329,0.1126,0.0068
1790165685913,1330,0.2081,0.0846
1790165685962,1331,0.1010,0.0109
1790165686012,1332,0.1561,0.0625
1790165686062,1333,0.0922,0.0053
1790165686113,1334,0.2807,0.0839
1790165686162,1335,0.2080,0.0131
1790165686213,1336,0.2615,0.0772
1790165686555,1337,2.0356,0.0480
1790165686558,1338,2.8628,1.8910
1790165686559,1339,0.5813,0.0171
1790165686561,1340,2.3191,1.7171
1790165686562,1341,0.5861,0.0206
1790165686564,1342,1.5952,1.1511
1790165686565,1343,0.8234,0.0184
1790165686614,1344,2.7848,1.5044
1790165686662,1345,1.2246,0.0429
1790165686714,1346,2.7645,1.0086
1790165686763,1347,0.7694,0.0398
1790165686813,1348,1.3008,0.5908
1790165686863,1349,0.9477,0.0302
1790165686914,1350,1.2235,0.5906
1790165686963,1351,0.4738,0.0341
1790165687013,1352,0.8162,0.4210
1790165687062,1353,0.3557,0.0211
1790165687113,1354,1.3670,0.7160
1790165687162,1355,0.5344,0.0320
1790165687213,1356,1.0191,0.3615
1790165687263,1357,0.6874,0.0328
1790165687312,1358,0.8891,0.2724
1790165687363,1359,0.5511,0.0325
1790165687415,1360,1.0848,0.5272
1790165687462,1361,0.4441,0.0278
1790165687513,1362,0.7470,0.3934
1790165687563,1363,0.4296,0.0273
1790165687613,1364,0.7167,0.3129
1790165687663,1365,0.6116,0.0268
1790165687713,1366,1.3856,0.2802
1790165687763,1367,0.7488,0.0282
1790165687813,1368,0.4393,0.1749
1790165687863,1369,0.1772,0.0151
1790165687913,1370,0.3263,0.1621
1790165687963,1371,0.2592,0.0228
1790165688012,1372,0.3542,0.1575
1790165688062,1373,0.2305,0.0136
1790165688113,1374,0.3015,0.1335
1790165688163,1375,0.1882,0.0134
1790165688214,1376,0.3102,0.1428
1790165688263,1377,0.1245,0.0124
1790165688312,1378,0.4157,0.1448
1790165688363,1379,0.1963,0.0176
1790165688418,1380,5.1176,4.8987
1790165688463,1381,1.1043,15.7624
1790165688514,1382,1.3501,19.6909
1790165688563,1383,0.3738,5.0530
1790165688613,1384,0.7228,0.4027
1790165688663,1385,0.2841,0.0225
1790165688713,1386,0.4838,0.1871
1790165688763,1387,0.3446,0.0261
1790165688812,1388,0.5730,0.2267
1790165688863,1389,0.3701,0.0284
1790165688913,1390,0.6002,0.2858
1790165688963,1391,0.3420,0.0321
1790165689012,1392,0.8160,0.4215
1790165689063,1393,0.4288,0.0437
1790165689113,1394,0.6223,0.2293
1790165689163,1395,0.2844,0.0206
1790165689213,1396,0.5444,0.2211
1790165689262,1397,0.3117,0.0225
1790165689313,1398,0.4091,0.1705
1790165689362,1399,0.1800,0.0141
1790165689412,1400,0.5797,0.1678
1790165689463,1401,0.2374,0.0333
1790165689513,1402,0.2970,0.1161
1790165689563,1403,0.1376,0.0096
1790165689612,1404,0.3115,0.1249
1790165689662,1405,0.3711,0.0117
1790165689713,1406,0.2712,0.1386
1790165689762,1407,0.2386,0.0108
1790165689813,1408,0.3954,0.1127
1790165689863,1409,0.4642,0.0671
1790165689912,1410,0.4034,0.1434
1790165689962,1411,0.2301,0.0101
1790165690012,1412,0.2632,0.1143
1790165690063,1413,0.1088,0.0083
1790165690113,1414,0.1930,0.0878
1790165690162,1415,0.1152,0.0075
1790165690213,1416,0.2958,0.1260
1790165690263,1417,0.1255,0.0089
1790165690312,1418,0.2735,0.1356
1790165690363,1419,0.1043,0.0080
1790165690412,1420,0.3569,0.1749
1790165690463,1421,0.1268,0.0220
1790165690512,1422,0.2137,0.1191
1790165690563,1423,0.0957,0.0054
1790165690613,1424,0.1971,0.1017
1790165690663,1425,0.1813,0.0103
1790165690713,1426,0.2939,0.1191
1790165690762,1427,0.1187,0.0086
1790165690813,1428,0.2206,0.0915
1790165690862,1429,0.0998,0.0072
1790165690913,1430,0.3687,0.1213
1790165690963,1431,0.2553,0.0118
1790165691013,1432,0.4141,0.1439
1790165691063,1433,0.2217,0.0114
1790165691112,1434,0.2826,0.1255
1790165691162,1435,0.1721,0.0092
1790165691213,1436,0.3338,0.1576
1790165691263,1437,0.1235,0.0075
1790165691313,1438,0.1926,0.0916
1790165691363,1439,0.0970,0.0067
1790165691413,1440,0.2872,0.1078
1790165691462,1441,0.1358,0.0079
1790165691513,1442,0.2227,0.1000
1790165691562,1443,0.1302,0.0165
1790165691613,1444,0.2205,0.1092
1790165691662,1445,0.1521,0.0085
1790165691714,1446,0.2549,0.1241
1790165691764,1447,0.1701,0.0108
1790165691813,1448,0.2466,0.1159
1790165691863,1449,0.1100,0.0076
1790165691913,1450,0.3613,0.1411
1790165691963,1451,0.2096,0.0107
1790165692012,1452,0.4134,0.1630
1790165692063,1453,0.2161,0.0094
1790165692112,1454,0.2175,0.1075
1790165692163,1455,0.1666,0.0100
1790165692213,1456,0.2319,0.1095
1790165692263,1457,0.1029,0.0073
1790165692313,1458,0.3066,0.1097
1790165692363,1459,0.1416,0.0063
1790165692413,1460,0.3004,0.1546
1790165692463,1461,0.1165,0.0069
1790165692513,1462,0.2194,0.1079
1790165692562,1463,0.1120,0.0055
1790165692612,1464,0.2690,0.1309
1790165692663,1465,0.1742,0.0080
1790165692712,1466,0.2715,0.1561
1790165692763,1467,0.1182,0.0070
1790165692813,1468,0.2150,0.0968
1790165692863,1469,0.1162,0.0056
1790165692914,1470,1.0973,0.9505
1790165692963,1471,0.5404,14.8301
1790165693012,1472,0.4263,4.9910
1790165693063,1473,0.2544,0.0153
1790165693112,1474,0.3832,0.1888
1790165693163,1475,0.2581,0.0267
1790165693213,1476,0.4375,0.2346
1790165693263,1477,0.2378,0.0139
1790165693313,1478,0.3444,0.1612
1790165693362,1479,0.1644,0.0107
1790165693413,1480,0.3102,0.1124
1790165693462,1481,0.1547,0.0099
1790165693513,1482,0.2230,0.1002
1790165693562,1483,0.1913,0.0125
1790165693612,1484,0.2928,0.1068
1790165693662,1485,0.1944,0.0117
1790165693712,1486,0.2734,0.1596
1790165693762,1487,0.1070,0.0082
1790165693813,1488,0.1908,0.0949
1790165693862,1489,0.0911,0.0061
1790165693913,1490,0.1789,0.0781
1790165693963,1491,0.0926,0.0095
1790165694013,1492,0.2449,0.0975
1790165694063,1493,0.1946,0.0107
1790165694113,1494,0.2023,0.0950
1790165694163,1495,0.1048,0.0079
1790165694213,1496,0.1711,0.0817
1790165694263,1497,0.0876,0.0067
1790165694313,1498,0.2473,0.0992
1790165694363,1499,0.1009,0.0068
1790165694413,1500,0.2851,0.1159
1790165694463,1501,0.1012,0.0065
1790165694513,1502,0.1912,0.0912
1790165694563,1503,0.0923,0.0063
1790165694613,1504,0.1778,0.0875
1790165694662,1505,0.1485,0.0081
1790165694713,1506,0.4874,0.0963
1790165694764,1507,0.1445,0.0098
1790165694812,1508,0.2684,0.1168
1790165694863,1509,0.1082,0.0082
1790165694913,1510,0.2580,0.1338
1790165694962,1511,0.1194,0.0160
1790165695012,1512,0.3119,0.1149
1790165695062,1513,0.2027,0.0126
1790165695113,1514,0.2941,0.1073
1790165695163,1515,0.2159,0.0137
1790165695213,1516,0.2657,0.1133
1790165695263,1517,0.1190,0.0085
1790165695313,1518,0.2409,0.1217
1790165695362,1519,0.1799,0.0118
1790165695412,1520,0.3084,0.1007
1790165695463,1521,0.1536,0.0102
1790165695513,1522,0.2250,0.0971
1790165695563,1523,0.1039,0.0082
1790165695613,1524,0.2020,0.0995
1790165695663,1525,0.1594,0.0104
1790165695713,1526,0.2569,0.1079
1790165695763,1527,0.1070,0.0084
1790165695813,1528,0.1874,0.0958
1790165695863,1529,0.0912,0.0073
1790165695913,1530,0.1833,0.0800
1790165695963,1531,0.1139,0.0064
1790165696012,1532,0.1660,0.0770
1790165696062,1533,0.1313,0.0070
1790165696112,1534,0.3485,0.1306
1790165696162,1535,0.2733,0.0114
1790165696213,1536,0.2687,0.1358
1790165696262,1537,0.1144,0.0083
1790165696313,1538,0.2901,0.1267
1790165696363,1539,0.1403,0.0098
1790165696414,1540,0.2991,0.1260
1790165696463,1541,0.1518,0.0100
1790165696512,1542,0.2562,0.1002
1790165696562,1543,0.1749,0.0109
1790165696613,1544,0.2121,0.0877
1790165696663,1545,0.1278,0.0083
1790165696713,1546,0.2819,0.1063
1790165696763,1547,0.2136,0.0139
1790165696813,1548,0.3896,0.1351
1790165696863,1549,0.1642,0.0109
1790165696912,1550,0.2474,0.0969
1790165696962,1551,0.1272,0.0087
1790165697013,1552,0.2195,0.1020
1790165697062,1553,0.1515,0.0111
1790165697112,1554,0.2420,0.1022
1790165697162,1555,0.1988,0.0127
1790165697212,1556,0.2915,0.1040
1790165697263,1557,0.1275,0.0094
1790165697313,1558,0.2246,0.0938
1790165697362,1559,0.1182,0.0085
1790165697413,1560,0.7464,0.5893
1790165697462,1561,0.3554,4.2797
1790165697512,1562,0.3823,1.7365
1790165697563,1563,0.2247,0.0218
1790165697613,1564,0.3925,0.1420
1790165697663,1565,0.2081,0.0124
1790165697712,1566,0.2920,0.1051
1790165697763,1567,0.2038,0.0134
1790165697813,1568,0.3036,0.1068
1790165697863,1569,0.1855,0.0117
1790165697912,1570,0.2358,0.0938
1790165697962,1571,0.1102,0.0086
1790165698013,1572,0.2020,0.0990
1790165698063,1573,0.0955,0.0076
1790165698113,1574,0.2765,0.1001
1790165698163,1575,0.1413,0.0080
1790165698213,1576,0.3354,0.1601
1790165698263,1577,0.1526,0.0097
1790165698313,1578,0.2075,0.1042
1790165698363,1579,0.1033,0.0077
1790165698412,1580,0.2515,0.0961
1790165698463,1581,0.1132,0.0080
1790165698513,1582,0.1828,0.0853
1790165698563,1583,0.1020,0.0074
1790165698613,1584,0.2147,0.1229
1790165698663,1585,0.0937,0.0062
1790165698713,1586,0.3501,0.1650
1790165698762,1587,0.1100,0.0080
1790165698813,1588,0.3031,0.0996
1790165698863,1589,0.1573,0.0093
1790165698912,1590,0.2025,0.0895
1790165698962,1591,0.1161,0.0077
1790165699012,1592,0.1892,0.0957
1790165699063,1593,0.1103,0.0070
1790165699113,1594,0.2242,0.0854
1790165699163,1595,0.1135,0.0074
1790165699213,1596,0.2989,0.1180
1790165699263,1597,0.2001,0.0368
1790165699313,1598,0.3110,0.1383
1790165699363,1599,0.1558,0.0103
1790165699413,1600,0.3367,0.1256
1790165699462,1601,0.2017,0.0193
1790165699513,1602,0.3196,0.1334
1790165699562,1603,0.1782,0.0112
1790165699612,1604,0.3582,0.1974
1790165699663,1605,0.1286,0.0089
1790165699713,1606,0.6253,0.2239
1790165699762,1607,0.1336,0.0082
1790165699813,1608,0.1764,0.0773
1790165699863,1609,0.0924,0.0066
1790165699913,1610,0.2110,0.0928
1790165699962,1611,0.1018,0.0072
1790165700013,1612,0.3603,0.1811
1790165700063,1613,0.1593,0.0108
1790165700113,1614,0.3090,0.1558
1790165700163,1615,0.1473,0.0098
1790165700213,1616,0.1936,0.0871
1790165700262,1617,0.1823,0.0119
1790165700313,1618,0.2303,0.0838
1790165700363,1619,0.1384,0.0086
1790165700412,1620,0.2355,0.0808
1790165700463,1621,0.1293,0.0086
1790165700513,1622,0.1732,0.0747
1790165700562,1623,0.0953,0.0068
1790165700612,1624,0.1665,0.0729
1790165700663,1625,0.0981,0.0067
1790165700712,1626,0.2435,0.0925
1790165700763,1627,0.1028,0.0080
1790165700813,1628,0.2308,0.0858
1790165700863,1629,0.1276,0.0098
1790165700913,1630,0.3100,0.1287
1790165700963,1631,0.1140,0.0101
1790165701013,1632,0.2029,0.0835
1790165701062,1633,0.1590,0.0104
1790165701113,1634,0.2831,0.0914
1790165701162,1635,0.1884,0.0117
1790165701213,1636,0.2740,0.0969
1790165701263,1637,0.1817,0.0121
1790165701313,1638,0.2838,0.0859
1790165701363,1639,0.1546,0.0109
1790165701412,1640,0.2636,0.0848
1790165701463,1641,0.1497,0.0108
1790165701514,1642,0.1903,0.0782
1790165701562,1643,0.1064,0.0081
1790165701612,1644,0.1785,0.0780
1790165701663,1645,0.1202,0.0066
1790165701713,1646,0.2427,0.0792
1790165701763,1647,0.1005,0.0078
1790165701813,1648,0.1591,0.0657
1790165701862,1649,0.0882,0.0066
1790165701913,1650,0.4374,0.3126
1790165701962,1651,0.2692,1.6939
1790165702012,1652,0.2327,0.7630
1790165702063,1653,0.2024,0.0131
1790165702112,1654,0.3567,0.1414
1790165702162,1655,0.2023,0.0136
1790165702212,1656,0.2633,0.0868
1790165702263,1657,0.1322,0.0102
1790165702313,1658,0.2722,0.0891
1790165702363,1659,0.1947,0.0135
1790165702413,1660,0.2956,0.0861
1790165702462,1661,0.1782,0.0111
1790165702513,1662,0.2768,0.1180
1790165702562,1663,0.1164,0.0087
1790165702613,1664,0.1675,0.0673
1790165702663,1665,0.1431,0.0086
1790165702713,1666,0.2091,0.0754
1790165702763,1667,0.1734,0.0106
1790165702813,1668,0.1972,0.0772
1790165702862,1669,0.0982,0.0077
1790165702912,1670,0.1670,0.0643
1790165702963,1671,0.0974,0.0101
1790165703012,1672,0.1590,0.0693
1790165703062,1673,0.0801,0.0060
1790165703113,1674,0.1356,0.0585
1790165703163,1675,0.1372,0.0087
1790165703213,1676,0.2283,0.0723
1790165703263,1677,0.1131,0.0066
1790165703313,1678,0.1899,0.0657
1790165703363,1679,0.2133,0.0123
1790165703412,1680,0.3118,0.0923
1790165703463,1681,0.1235,0.0089
1790165703513,1682,0.1991,0.0796
1790165703562,1683,0.1074,0.0080
1790165703613,1684,0.1660,0.0685
1790165703662,1685,0.1097,0.0068
1790165703713,1686,0.1811,0.0694
1790165703763,1687,0.2048,0.0092
1790165703813,1688,0.2520,0.0858
1790165703863,1689,0.1364,0.0100
1790165703913,1690,0.2367,0.1149
1790165703963,1691,0.1350,0.0141
1790165704014,1692,0.1665,0.0698
1790165704062,1693,0.0908,0.0067
1790165704113,1694,0.1472,0.0628
1790165704163,1695,0.1442,0.0091
1790165704213,1696,0.1677,0.0726
1790165704263,1697,0.1503,0.0095
1790165704313,1698,0.1748,0.0760
1790165704363,1699,0.1571,0.0101
1790165704412,1700,0.3359,0.1185
1790165704464,1701,0.1298,0.0097
1790165704513,1702,0.2505,0.1310
1790165704563,1703,0.1119,0.0081
1790165704612,1704,0.1711,0.0687
1790165704663,1705,0.1093,0.0076
1790165704712,1706,0.1817,0.0752
1790165704762,1707,0.3967,0.0094
1790165704813,1708,0.2170,0.0871
1790165704863,1709,0.1397,0.0077
1790165704913,1710,0.1798,0.0743
1790165704963,1711,0.0884,0.0060
1790165705012,1712,0.1695,0.0746
1790165705062,1713,0.1085,0.0067
1790165705112,1714,0.2775,0.0944
1790165705162,1715,0.1914,0.0117
1790165705213,1716,0.2606,0.0939
1790165705262,1717,0.1456,0.0097
1790165705312,1718,0.2006,0.0897
1790165705363,1719,0.0999,0.0066
1790165705413,1720,0.3752,0.0907
1790165705463,1721,0.1911,0.0131
1790165705513,1722,0.2372,0.0836
1790165705562,1723,0.1152,0.0087
1790165705614,1724,0.1961,0.0692
1790165705663,1725,0.1161,0.0080
1790165705714,1726,0.2008,0.0788
1790165705763,1727,0.1659,0.0092
1790165705812,1728,0.2201,0.0748
1790165705863,1729,0.0975,0.0071
1790165705913,1730,0.1678,0.0638
1790165705963,1731,0.0851,0.0052
1790165706012,1732,0.1573,0.0661
1790165706063,1733,0.0834,0.0050
1790165706112,1734,0.1432,0.0620
1790165706163,1735,0.1907,0.0119
1790165706213,1736,0.2892,0.0935
1790165706262,1737,0.1403,0.0105
1790165706313,1738,0.1899,0.0767
1790165706363,1739,0.1842,0.0128
1790165706413,1740,0.6353,0.3493
1790165706463,1741,0.9118,1.9585
1790165706513,1742,0.4704,2.0857
1790165706563,1743,0.2096,0.0144
1790165706613,1744,0.2947,0.0948
1790165706663,1745,0.2950,0.0150
1790165706713,1746,0.2852,0.0892
1790165706763,1747,0.2311,0.0137
1790165706813,1748,0.2840,0.0925
1790165706862,1749,0.2233,0.0139
1790165706913,1750,0.3140,0.0899
1790165706963,1751,0.1833,0.0127
1790165707012,1752,0.2721,0.0888
1790165707063,1753,0.1914,0.0131
1790165707112,1754,0.3197,0.1347
1790165707162,1755,0.2034,0.0132
1790165707212,1756,0.2693,0.0895
1790165707262,1757,0.1890,0.0125
1790165707313,1758,0.2999,0.1240
1790165707362,1759,0.1749,0.0119
1790165707413,1760,0.3246,0.1188
1790165707463,1761,0.1879,0.0162
1790165707513,1762,0.2990,0.1000
1790165707562,1763,0.1958,0.0132
1790165707613,1764,0.2865,0.0943
1790165707663,1765,0.1966,0.0125
1790165707713,1766,0.2825,0.0925
1790165707762,1767,0.1861,0.0134
1790165707813,1768,0.3039,0.0986
1790165707862,1769,0.1984,0.0139
1790165707913,1770,0.3247,0.0934
1790165707962,1771,0.2280,0.0137
1790165708013,1772,0.3214,0.0965
1790165708062,1773,0.2256,0.0134
1790165708113,1774,0.2695,0.0883
1790165708162,1775,0.1962,0.0131
1790165708213,1776,0.2611,0.0866
1790165708263,1777,0.1815,0.0124
1790165708312,1778,0.2020,0.0806
1790165708362,1779,0.1402,0.0089
1790165708413,1780,0.3408,0.1080
1790165708463,1781,0.2962,0.0253
1790165708512,1782,0.3015,0.1031
1790165708563,1783,0.1900,0.0131
1790165708612,1784,0.3116,0.0931
1790165708663,1785,0.2835,0.0133
1790165708713,1786,0.2325,0.0806
1790165708762,1787,0.1765,0.0126
1790165708812,1788,0.2336,0.0820
1790165708863,1789,0.1654,0.0110
1790165708913,1790,0.2248,0.0845
1790165708962,1791,0.1707,0.0095
1790165709013,1792,0.2895,0.0889
1790165709062,1793,0.1982,0.0095
1790165709113,1794,0.3153,0.0875
1790165709163,1795,0.1941,0.0134
1790165709213,1796,0.2701,0.0904
1790165709263,1797,0.2639,0.0127
1790165709313,1798,0.3169,0.1017
1790165709363,1799,0.1496,0.0110
1790165709413,1800,0.3285,0.1195
1790165709463,1801,0.1967,0.0137
1790165709513,1802,0.2890,0.0886
1790165709562,1803,0.3549,0.0149
1790165709612,1804,0.2770,0.0888
1790165709663,1805,0.2451,0.0154
1790165709713,1806,0.3226,0.0979
1790165709762,1807,0.1796,0.0137
1790165709813,1808,0.4707,0.0884
1790165709862,1809,0.1803,0.0139
1790165709913,1810,0.3805,0.1086
1790165709962,1811,0.1940,0.0133
1790165710013,1812,0.4011,0.1139
1790165710062,1813,0.2301,0.0144
1790165710113,1814,0.3139,0.0881
1790165710163,1815,0.1981,0.0140
1790165710212,1816,0.2685,0.0868
1790165710263,1817,0.1855,0.0135
1790165710313,1818,0.3003,0.1116
1790165710363,1819,0.1886,0.0140
1790165710413,1820,0.5507,0.1303
1790165710462,1821,0.2314,0.0160
1790165710513,1822,0.3002,0.0932
1790165710563,1823,0.1927,0.0149
1790165710613,1824,0.2989,0.0884
1790165710662,1825,0.2081,0.0146
1790165710712,1826,0.3210,0.1006
1790165710763,1827,0.2255,0.0151
1790165710812,1828,0.3251,0.1104
1790165710863,1829,0.1964,0.0138
1790165710912,1830,0.6781,0.4793
1790165710962,1831,0.4656,2.1875
1790165711013,1832,0.2996,1.0304
1790165711063,1833,0.2382,0.0166
1790165711113,1834,0.3262,0.1255
1790165711162,1835,0.2009,0.0142
1790165711213,1836,0.3421,0.1093
1790165711263,1837,0.1950,0.0134
1790165711312,1838,0.2733,0.0914
1790165711362,1839,0.1971,0.0141
1790165711413,1840,0.2883,0.0833
1790165711463,1841,0.3663,0.0146
1790165711512,1842,0.3271,0.0969
1790165711562,1843,0.1745,0.0130
1790165711613,1844,0.2664,0.0876
1790165711662,1845,0.1964,0.0135
1790165711713,1846,0.2567,0.0893
1790165711763,1847,0.1723,0.0131
1790165711812,1848,0.2194,0.0795
1790165711863,1849,0.1325,0.0099
1790165711912,1850,0.2436,0.0856
1790165711962,1851,0.1438,0.0136
1790165712012,1852,0.2174,0.0809
1790165712063,1853,0.1388,0.0102
1790165712112,1854,0.1990,0.0828
1790165712163,1855,0.1291,0.0085
1790165712213,1856,0.1960,0.0818
1790165712262,1857,0.0931,0.0078
1790165712312,1858,0.1600,0.0696
1790165712363,1859,0.0861,0.0066
1790165712413,1860,0.2656,0.0764
1790165712462,1861,0.1538,0.0115
1790165712512,1862,0.2561,0.0855
1790165712562,1863,0.1762,0.0139
1790165712612,1864,0.2660,0.0934
1790165712662,1865,0.1362,0.0100
1790165712713,1866,0.1749,0.0735
1790165712762,1867,0.1620,0.0121
1790165712813,1868,0.2516,0.0820
1790165712864,1869,0.1558,0.0113
1790165712913,1870,0.2777,0.0953
1790165712963,1871,0.1804,0.0185
1790165713012,1872,0.2226,0.1040
1790165713063,1873,0.1173,0.0093
1790165713113,1874,0.2093,0.0796
1790165713163,1875,0.1205,0.0092
1790165713213,1876,0.1994,0.0801
1790165713263,1877,0.1044,0.0088
1790165713313,1878,0.3171,0.0833
1790165713363,1879,0.1438,0.0092
1790165713414,1880,0.2240,0.0764
1790165713462,1881,0.1236,0.0099
1790165713512,1882,0.2756,0.0966
1790165713563,1883,0.1752,0.0121
1790165713613,1884,0.2276,0.0813
1790165713662,1885,0.1412,0.0101
1790165713713,1886,0.1933,0.0754
1790165713763,1887,0.1198,0.0094
1790165713813,1888,0.2531,0.0861
1790165713863,1889,0.2328,0.0162
1790165713913,1890,0.2466,0.0845
1790165713963,1891,0.1579,0.0117
1790165714013,1892,0.1934,0.0859
1790165714063,1893,0.1043,0.0095
1790165714113,1894,0.1963,0.0788
1790165714162,1895,0.1273,0.0088
1790165714213,1896,0.1769,0.0749
1790165714263,1897,0.1222,0.0090
1790165714312,1898,0.1767,0.0777
1790165714363,1899,0.1148,0.0085
1790165714412,1900,0.2810,0.1107
1790165714463,1901,0.1233,0.0080
1790165714512,1902,0.2900,0.1181
1790165714563,1903,0.2068,0.0151
1790165714613,1904,0.2611,0.0868
1790165714663,1905,0.1631,0.0118
1790165714712,1906,0.2247,0.0815
1790165714763,1907,0.1332,0.0104
1790165714812,1908,0.1906,0.0776
1790165714863,1909,0.4265,0.0128
1790165714913,1910,0.2662,0.0868
1790165714962,1911,0.1767,0.0133
1790165715013,1912,0.2021,0.0840
1790165715063,1913,0.1108,0.0095
1790165715113,1914,0.1906,0.0764
1790165715163,1915,0.1899,0.0122
1790165715212,1916,0.2818,0.1077
1790165715263,1917,0.1746,0.0123
1790165715313,1918,0.2518,0.1137
1790165715363,1919,0.1192,0.0102
1790165715413,1920,0.4900,0.2844
1790165715463,1921,0.2750,1.2870
1790165715513,1922,0.2521,0.7827
1790165715563,1923,0.1825,0.0129
1790165715613,1924,0.2586,0.0855
1790165715663,1925,0.2433,0.0127
1790165715713,1926,0.2497,0.0837
1790165715764,1927,0.1278,0.0101
1790165715812,1928,0.2044,0.0858
1790165715863,1929,0.1069,0.0095
1790165715913,1930,0.2922,0.0874
1790165715962,1931,0.1894,0.0132
1790165716013,1932,0.1974,0.0808
1790165716063,1933,0.1740,0.0116
1790165716113,1934,0.2416,0.0820
1790165716163,1935,0.1379,0.0154
1790165716213,1936,0.1906,0.0788
1790165716263,1937,0.1070,0.0087
1790165716314,1938,0.2158,0.0969
1790165716362,1939,0.1971,0.0424
1790165716412,1940,0.2691,0.0823
1790165716463,1941,0.1956,0.0211
1790165716513,1942,0.3204,0.0977
1790165716563,1943,0.1997,0.0136
1790165716613,1944,0.2789,0.0832
1790165716663,1945,0.1208,0.0101
1790165716713,1946,0.1906,0.0794
1790165716763,1947,0.1224,0.0093
1790165716813,1948,0.1915,0.0754
1790165716863,1949,0.1062,0.0084
1790165716913,1950,0.2595,0.0858
1790165716962,1951,0.1854,0.0136
1790165717012,1952,0.2577,0.0851
1790165717063,1953,0.1745,0.0124
1790165717113,1954,0.2658,0.0836
1790165717163,1955,0.1524,0.0102
1790165717213,1956,0.2014,0.0778
1790165717263,1957,0.0996,0.0083
1790165717313,1958,0.1681,0.0692
1790165717363,1959,0.1870,0.0123
1790165717412,1960,0.2908,0.0986
1790165717463,1961,0.1511,0.0181
1790165717513,1962,0.2361,0.0815
1790165717562,1963,0.1343,0.0101
1790165717613,1964,0.2533,0.0881
1790165717663,1965,0.1684,0.0122
1790165717712,1966,0.2303,0.0816
1790165717763,1967,0.1423,0.0105
1790165717813,1968,0.1935,0.0759
1790165717863,1969,0.1070,0.0084
1790165717912,1970,0.1900,0.0735
1790165717963,1971,0.2246,0.0149
1790165718012,1972,0.2494,0.0838
1790165718062,1973,0.1747,0.0125
1790165718112,1974,0.2228,0.0834
1790165718163,1975,0.1205,0.0102
1790165718212,1976,0.1668,0.0709
1790165718263,1977,0.0971,0.0079
1790165718312,1978,0.1655,0.0698
1790165718363,1979,0.0934,0.0066
1790165718412,1980,0.2613,0.0767
1790165718463,1981,0.1183,0.0085
1790165718513,1982,0.2563,0.0890
1790165718563,1983,0.1488,0.0106
1790165718612,1984,0.2364,0.0825
1790165718663,1985,0.1704,0.0125
1790165718712,1986,0.2448,0.0831
1790165718762,1987,0.1694,0.0121
1790165718813,1988,0.2588,0.0883
1790165718862,1989,0.1685,0.0118
1790165718913,1990,0.2617,0.0851
1790165718963,1991,0.1721,0.0133
1790165719013,1992,0.2666,0.0933
1790165719063,1993,0.1726,0.0137
1790165719113,1994,0.2308,0.0804
1790165719163,1995,0.1447,0.0108
1790165719213,1996,0.2162,0.0803
1790165719263,1997,0.1325,0.0098
1790165719312,1998,0.2320,0.0839
1790165719363,1999,0.1730,0.0125
1790165719413,2000,0.2749,0.0885
1790165719463,2001,0.1793,0.0135
1790165719512,2002,0.2877,0.1185
1790165719563,2003,0.1572,0.0116
1790165719613,2004,0.2485,0.0829
1790165719663,2005,0.1762,0.0136
1790165719714,2006,0.2430,0.0863
1790165719762,2007,0.1545,0.0110
1790165719812,2008,0.2141,0.0781
1790165719862,2009,0.1247,0.0096
1790165719913,2010,0.6808,0.2839
1790165719963,2011,0.3170,1.4432
1790165720013,2012,0.2607,0.8844
1790165720063,2013,0.1786,0.0136
1790165720113,2014,0.2804,0.0923
1790165720163,2015,0.2260,0.0157
1790165720213,2016,0.2343,0.0814
1790165720263,2017,0.1322,0.0101
1790165720313,2018,0.2193,0.0802
1790165720363,2019,0.1195,0.0095
1790165720412,2020,0.2616,0.0895
1790165720463,2021,0.1317,0.0096
1790165720513,2022,0.2598,0.0875
1790165720563,2023,0.1544,0.0116
1790165720613,2024,0.2780,0.1164
1790165720663,2025,0.1816,0.0184
1790165720713,2026,0.2951,0.1258
1790165720763,2027,0.1533,0.0110
1790165720813,2028,0.2390,0.0820
1790165720862,2029,0.1116,0.0087
1790165720913,2030,0.2302,0.0692
1790165720963,2031,0.1110,0.0115
1790165721012,2032,0.2327,0.1009
1790165721063,2033,0.1917,0.0127
1790165721113,2034,0.2618,0.0838
1790165721162,2035,0.1607,0.0137
1790165721213,2036,0.1868,0.0727
1790165721263,2037,0.1141,0.0121
1790165721313,2038,0.1715,0.0723
1790165721363,2039,0.1801,0.0133
1790165721413,2040,0.2963,0.0856
1790165721463,2041,0.1776,0.0131
1790165721513,2042,0.2476,0.0810
1790165721562,2043,0.1338,0.0101
1790165721613,2044,0.2608,0.1066
1790165721663,2045,0.1332,0.0108
1790165721713,2046,0.2433,0.0991
1790165721763,2047,0.1248,0.0093
1790165721813,2048,0.2182,0.0908
1790165721863,2049,0.1188,0.0086
1790165721913,2050,0.2322,0.1103
1790165721963,2051,0.1664,0.0204
1790165722012,2052,0.2373,0.0756
1790165722063,2053,0.1388,0.0108
1790165722113,2054,0.1918,0.0748
1790165722162,2055,0.1938,0.0132
1790165722213,2056,0.2185,0.0832
1790165722263,2057,0.1064,0.0089
1790165722313,2058,0.2195,0.0904
1790165722363,2059,0.1020,0.0082
1790165722413,2060,0.2732,0.0827
1790165722462,2061,0.1719,0.0132
1790165722514,2062,0.2444,0.0769
1790165722563,2063,0.1675,0.0124
1790165722613,2064,0.2489,0.0997
1790165722663,2065,0.1609,0.0129
1790165722713,2066,0.2404,0.0778
1790165722763,2067,0.1402,0.0107
1790165722813,2068,1.0274,0.0753
1790165722863,2069,0.1999,0.0120
1790165722912,2070,0.2662,0.0810
1790165722962,2071,0.1655,0.0123
1790165723013,2072,0.2585,0.0817
1790165723063,2073,0.1826,0.0133
1790165723113,2074,0.2471,0.0786
1790165723163,2075,0.1816,0.0135
1790165723213,2076,0.2449,0.0788
1790165723263,2077,0.1660,0.0123
1790165723313,2078,0.2478,0.0829
1790165723362,2079,0.1714,0.0129
1790165723413,2080,0.2694,0.0825
1790165723463,2081,0.1623,0.0121
1790165723512,2082,0.2490,0.0814
1790165723563,2083,0.1676,0.0126
1790165723613,2084,0.2401,0.0836
1790165723663,2085,0.1586,0.0119
1790165723713,2086,0.2749,0.1018
1790165723763,2087,0.2104,0.0122
1790165723812,2088,0.3521,0.1237
1790165723862,2089,0.1506,0.0110
1790165723912,2090,0.2266,0.0940
1790165723963,2091,0.2972,0.1980
1790165724013,2092,0.4018,1.3525
1790165724063,2093,0.1789,0.5962
1790165724113,2094,0.2959,0.1203
1790165724162,2095,0.1817,0.0142
1790165724213,2096,0.2726,0.0940
1790165724263,2097,0.1724,0.0127
1790165724313,2098,0.2193,0.0694
1790165724363,2099,0.1116,0.0092
1790165724412,2100,0.2815,0.0731
1790165724463,2101,0.1567,0.0119
1790165724513,2102,0.2431,0.0752
1790165724563,2103,0.1565,0.0116
1790165724612,2104,0.2010,0.0740
1790165724662,2105,0.1578,0.0116
1790165724713,2106,0.2145,0.0727
1790165724762,2107,0.1609,0.0118
1790165724813,2108,0.2336,0.0731
1790165724862,2109,0.1646,0.0117
1790165724912,2110,0.2261,0.0782
1790165724963,2111,0.4639,0.0119
1790165725013,2112,0.2224,0.0706
1790165725063,2113,0.1632,0.0117
1790165725112,2114,0.2166,0.0719
1790165725163,2115,0.1595,0.0125
1790165725212,2116,0.2348,0.0916
1790165725263,2117,0.2034,0.0136
1790165725313,2118,0.2558,0.0764
1790165725363,2119,0.1771,0.0123
1790165725413,2120,0.3769,0.0798
1790165725463,2121,0.2016,0.0540
1790165725513,2122,0.3839,0.1117
1790165725563,2123,0.1536,0.0111
1790165725613,2124,0.2286,0.0720
1790165725662,2125,0.1583,0.0116
1790165725712,2126,0.2464,0.0744
1790165725763,2127,0.1912,0.0142
1790165725813,2128,0.2719,0.0782
1790165725862,2129,0.1475,0.0115
1790165725913,2130,0.2526,0.0711
1790165725963,2131,0.1616,0.0480
1790165726013,2132,0.2035,0.0711
1790165726063,2133,0.1572,0.0114
1790165726113,2134,0.3007,0.0745
1790165726163,2135,0.2690,0.0148
1790165726212,2136,0.2416,0.0788
1790165726263,2137,0.2454,0.0122
1790165726313,2138,0.2579,0.0762
1790165726363,2139,0.1268,0.0101
1790165726413,2140,0.3163,0.0780
1790165726463,2141,0.1439,0.0116
1790165726513,2142,0.2356,0.0752
1790165726563,2143,0.1747,0.0117
1790165726613,2144,0.1789,0.0677
1790165726663,2145,0.1181,0.0098
1790165726713,2146,0.1765,0.0665
1790165726763,2147,0.1595,0.0135
1790165726813,2148,0.2031,0.0724
1790165726863,2149,0.1147,0.0095
1790165726912,2150,0.2258,0.0734
1790165726963,2151,0.1251,0.0099
1790165727013,2152,0.2190,0.0941
1790165727063,2153,0.1638,0.0132
1790165727113,2154,0.2716,0.0805
1790165727163,2155,0.1626,0.0135
1790165727213,2156,0.2062,0.0726
1790165727263,2157,0.1129,0.0097
1790165727313,2158,0.2352,0.0806
1790165727362,2159,0.1552,0.0124
1790165727412,2160,0.2647,0.0785
1790165727462,2161,0.1747,0.0138
1790165727513,2162,0.2619,0.1083
1790165727562,2163,0.1527,0.0125
1790165727612,2164,0.2171,0.0729
1790165727663,2165,0.1616,0.0126
1790165727713,2166,0.1860,0.0679
1790165727763,2167,0.1128,0.0089
1790165727812,2168,0.2012,0.0698
1790165727863,2169,0.1594,0.0184
1790165727913,2170,0.2557,0.0841
1790165727962,2171,0.1602,0.0233
1790165728012,2172,0.4316,0.2769
1790165728063,2173,0.2565,1.1842
1790165728113,2174,0.1919,0.7072
1790165728163,2175,0.1575,0.0122
1790165728213,2176,0.2432,0.0919
1790165728263,2177,0.1245,0.0094
1790165728313,2178,0.1795,0.0689
1790165728362,2179,0.1678,0.0140
1790165728413,2180,0.2835,0.0808
1790165728462,2181,0.1584,0.0129
1790165728513,2182,0.2284,0.0758
1790165728562,2183,0.1622,0.0130
1790165728612,2184,0.2204,0.0756
1790165728663,2185,0.1347,0.0108
1790165728713,2186,0.2166,0.0723
1790165728763,2187,0.1423,0.0108
1790165728813,2188,0.2357,0.0770
1790165728863,2189,0.1641,0.0134
1790165728913,2190,0.2372,0.0765
1790165728963,2191,0.2006,0.0344
1790165729013,2192,0.2891,0.1287
1790165729062,2193,0.2133,0.0329
1790165729113,2194,0.2124,0.0706
1790165729162,2195,0.1258,0.0122
1790165729213,2196,0.2215,0.0741
1790165729263,2197,0.1447,0.0114
1790165729312,2198,0.2151,0.0751
1790165729362,2199,0.1426,0.0115
1790165729412,2200,0.2688,0.0809
1790165729463,2201,0.1654,0.0143
1790165729513,2202,0.2408,0.0777
1790165729563,2203,0.1930,0.0125
1790165729613,2204,0.8953,0.0690
1790165729662,2205,0.1523,0.0107
1790165729713,2206,0.2541,0.0730
1790165729764,2207,0.1613,0.0134
1790165729813,2208,0.2344,0.0770
1790165729863,2209,0.1818,0.0144
1790165729913,2210,0.2064,0.0720
1790165729962,2211,0.1634,0.0398
1790165730012,2212,0.4919,0.0950
1790165730062,2213,0.1498,0.0179
1790165730113,2214,0.2327,0.0756
1790165730163,2215,0.1459,0.0123
1790165730212,2216,0.2324,0.0763
1790165730263,2217,0.1657,0.0135
1790165730312,2218,0.2239,0.0786
1790165730362,2219,0.1816,0.0113
1790165730413,2220,0.3045,0.0889
1790165730463,2221,0.2192,0.0145
1790165730513,2222,0.2231,0.0747
1790165730563,2223,0.1492,0.0136
1790165730613,2224,0.1998,0.0718
1790165730663,2225,0.1240,0.0109
1790165730713,2226,0.2083,0.0731
1790165730762,2227,0.1233,0.0115
1790165730813,2228,0.2195,0.0744
1790165730863,2229,0.1495,0.0135
1790165730913,2230,0.2195,0.0744
1790165730963,2231,0.1377,0.0129
1790165731013,2232,0.4798,0.0777
1790165731063,2233,0.1157,0.0109
1790165731113,2234,0.1933,0.0723
1790165731162,2235,0.1167,0.0111
1790165731213,2236,0.2021,0.0726
1790165731263,2237,0.1506,0.0120
1790165731313,2238,0.1924,0.0713
1790165731362,2239,0.1171,0.0101
1790165731413,2240,0.2036,0.0697
1790165731462,2241,0.1588,0.0142
1790165731512,2242,0.2640,0.0792
1790165731563,2243,0.2125,0.0162
1790165731613,2244,0.2660,0.0809
1790165731662,2245,0.1176,0.0105
1790165731712,2246,0.2012,0.0724
1790165731763,2247,0.1288,0.0109
1790165731812,2248,0.2060,0.0725
1790165731863,2249,0.1661,0.0131
1790165731913,2250,0.2228,0.0767
1790165731963,2251,0.1467,0.0123
1790165732012,2252,0.1777,0.0678
1790165732063,2253,0.2955,0.2057
1790165732113,2254,0.3069,1.3384
1790165732163,2255,0.1490,0.6539
1790165732212,2256,0.1961,0.0654
1790165732263,2257,0.1187,0.0079
1790165732312,2258,0.2383,0.0796
1790165732363,2259,0.1303,0.0108
1790165732413,2260,0.2952,0.0946
1790165732463,2261,0.1478,0.0124
1790165732513,2262,0.2181,0.0754
1790165732563,2263,0.1558,0.0139
1790165732613,2264,0.2103,0.0745
1790165732662,2265,0.1356,0.0121
1790165732713,2266,0.1949,0.0703
1790165732762,2267,0.1312,0.0106
1790165732813,2268,0.2455,0.0819
1790165732863,2269,0.1553,0.0134
1790165732913,2270,0.2684,0.1091
1790165732963,2271,0.1479,0.0124
1790165733012,2272,0.2143,0.1001
1790165733063,2273,0.1138,0.0105
1790165733112,2274,0.2137,0.0747
1790165733162,2275,0.1278,0.0123
1790165733213,2276,0.1973,0.0729
1790165733262,2277,0.1469,0.0131
1790165733313,2278,0.2265,0.0804
1790165733363,2279,0.0968,0.0088
1790165733413,2280,0.1798,0.0669
1790165733463,2281,0.1270,0.0099
1790165733513,2282,0.2291,0.0779
1790165733563,2283,0.1707,0.0144
1790165733612,2284,0.2804,0.0775
1790165733663,2285,0.2621,0.0130
1790165733713,2286,0.2154,0.0751
1790165733762,2287,0.1402,0.0114
1790165733813,2288,0.2482,0.1052
1790165733862,2289,0.1372,0.0114
1790165733912,2290,0.2314,0.0761
1790165733963,2291,0.1642,0.0124
1790165734013,2292,0.2337,0.0822
1790165734063,2293,0.1634,0.0253
1790165734113,2294,0.2221,0.0779
1790165734162,2295,0.1057,0.0096
1790165734213,2296,0.1656,0.0619
1790165734263,2297,0.1024,0.0086
1790165734313,2298,0.2107,0.0775
1790165734362,2299,0.1260,0.0105
1790165734413,2300,0.1863,0.0661
1790165734462,2301,0.1844,0.0143
1790165734512,2302,0.2207,0.0763
1790165734563,2303,0.1462,0.0122
1790165734613,2304,0.2339,0.0807
1790165734662,2305,0.1552,0.0135
1790165734713,2306,0.2574,0.0811
1790165734762,2307,0.1344,0.0109
1790165734813,2308,0.2166,0.0748
1790165734862,2309,0.1461,0.0127
1790165734913,2310,0.2302,0.0747
1790165734962,2311,0.1415,0.0124
1790165735013,2312,0.6590,0.0777
1790165735062,2313,0.1394,0.0116
1790165735113,2314,0.2516,0.0951
1790165735163,2315,0.1491,0.0124
1790165735212,2316,0.1970,0.0731
1790165735263,2317,0.1591,0.0121
1790165735314,2318,0.1936,0.0734
1790165735362,2319,0.1549,0.0138
1790165735413,2320,0.2489,0.0792
1790165735463,2321,0.1531,0.0127
1790165735513,2322,0.2486,0.0736
1790165735563,2323,0.1233,0.0110
1790165735613,2324,0.1860,0.0717
1790165735663,2325,0.1607,0.0145
1790165735713,2326,0.2283,0.0774
1790165735763,2327,0.1039,0.0093
1790165735812,2328,0.1691,0.0660
1790165735862,2329,0.1433,0.0119
1790165735913,2330,0.2223,0.0796
1790165735962,2331,0.1487,0.0121
1790165736012,2332,0.2231,0.0762
1790165736063,2333,0.1722,0.0133
1790165736113,2334,0.3407,0.2400
1790165736162,2335,0.2797,1.4459
1790165736213,2336,0.4236,0.8107
1790165736262,2337,0.3018,0.0475
1790165736312,2338,0.3114,0.1613
1790165736362,2339,0.1305,0.0119
1790165736413,2340,0.2390,0.0748
1790165736463,2341,0.1544,0.0138
1790165736513,2342,0.2323,0.0877
1790165736562,2343,0.1239,0.0106
1790165736613,2344,0.2053,0.0721
1790165736663,2345,0.1554,0.0135
1790165736712,2346,0.2384,0.0791
1790165736763,2347,0.1198,0.0107
1790165736813,2348,0.1708,0.0676
1790165736863,2349,0.0922,0.0089
1790165736913,2350,0.1612,0.0615
1790165736963,2351,0.1293,0.0107
1790165737013,2352,0.2061,0.0713
1790165737063,2353,0.1451,0.0125
1790165737112,2354,0.1827,0.0698
1790165737162,2355,0.1360,0.0127
1790165737212,2356,0.2309,0.0774
1790165737263,2357,0.1684,0.0146
1790165737312,2358,0.1829,0.0700
1790165737363,2359,0.1438,0.0120
1790165737412,2360,0.2619,0.0804
1790165737463,2361,0.1929,0.0188
1790165737513,2362,0.2166,0.0726
1790165737563,2363,0.1225,0.0106
1790165737613,2364,0.2101,0.0725
1790165737663,2365,0.1170,0.0099
1790165737713,2366,0.2179,0.0830
1790165737763,2367,0.1468,0.0126
1790165737813,2368,0.2213,0.0909
1790165737863,2369,0.1300,0.0114
1790165737913,2370,0.2288,0.0739
1790165737963,2371,0.1037,0.0089
1790165738013,2372,0.2259,0.0787
1790165738062,2373,0.1580,0.0243
1790165738113,2374,0.1683,0.0748
1790165738163,2375,0.1373,0.0158
1790165738213,2376,0.1621,0.0698
1790165738263,2377,0.1105,0.0087
1790165738313,2378,0.1870,0.0719
1790165738363,2379,0.1429,0.0123
1790165738413,2380,0.2289,0.0757
1790165738463,2381,0.1448,0.0121
1790165738512,2382,0.2633,0.1125
1790165738563,2383,0.1539,0.0134
1790165738613,2384,0.1771,0.0715
1790165738663,2385,0.1058,0.0088
1790165738713,2386,0.1605,0.0672
1790165738763,2387,0.1570,0.0128
1790165738812,2388,0.2699,0.0832
1790165738862,2389,0.1433,0.0122
1790165738912,2390,0.2366,0.0796
1790165738963,2391,0.1500,0.0127
1790165739013,2392,0.2245,0.0753
1790165739062,2393,0.1446,0.0126
1790165739113,2394,0.2038,0.0735
1790165739163,2395,0.1448,0.0118
1790165739213,2396,0.1785,0.0701
1790165739263,2397,0.1096,0.0090
1790165739313,2398,0.1628,0.0658
1790165739362,2399,0.0878,0.0074
1790165739413,2400,0.2083,0.0696
1790165739463,2401,0.1545,0.0129
1790165739512,2402,0.2307,0.0793
1790165739562,2403,0.1489,0.0125
1790165739612,2404,0.2859,0.0759
1790165739663,2405,0.1302,0.0117
1790165739713,2406,0.1782,0.0707
1790165739763,2407,0.1038,0.0095
1790165739812,2408,0.2118,0.0766
1790165739863,2409,0.1514,0.0130
1790165739912,2410,0.2017,0.0717
1790165739963,2411,0.1011,0.0104
1790165740013,2412,0.4823,0.0824
1790165740063,2413,0.1559,0.0138
1790165740113,2414,0.2154,0.0733
1790165740162,2415,0.4774,0.3006
1790165740212,2416,0.2697,1.3633
1790165740263,2417,0.1535,0.7045
1790165740312,2418,0.2109,0.0714
1790165740363,2419,0.1090,0.0091
1790165740412,2420,0.1910,0.0717
1790165740463,2421,0.1237,0.0104
1790165740513,2422,0.2184,0.0743
1790165740562,2423,0.1426,0.0122
1790165740613,2424,0.1990,0.0705
1790165740663,2425,0.1048,0.0096
1790165740713,2426,0.1557,0.0630
1790165740762,2427,0.0938,0.0081
1790165740813,2428,0.1773,0.0671
1790165740862,2429,0.1592,0.0152
1790165740912,2430,0.2234,0.0751
1790165740963,2431,0.1132,0.0097
1790165741013,2432,0.1832,0.0686
1790165741062,2433,0.1569,0.0134
1790165741112,2434,0.2085,0.0733
1790165741163,2435,0.1461,0.0115
1790165741213,2436,0.1766,0.0702
1790165741263,2437,0.1030,0.0086
1790165741312,2438,0.1833,0.0882
1790165741363,2439,0.0967,0.0080
1790165741413,2440,0.2161,0.0685
1790165741463,2441,0.1643,0.0148
1790165741513,2442,0.2697,0.0828
1790165741563,2443,0.1551,0.0133
1790165741613,2444,0.2270,0.0745
1790165741662,2445,0.1522,0.0137
1790165741712,2446,0.2162,0.0742
1790165741762,2447,0.1335,0.0114
1790165741813,2448,0.2055,0.0732
1790165741862,2449,0.1087,0.0095
1790165741913,2450,0.2284,0.0757
1790165741963,2451,0.1491,0.0133
1790165742012,2452,0.2242,0.0740
1790165742062,2453,0.1563,0.0145
1790165742112,2454,0.2153,0.0740
1790165742163,2455,0.1695,0.0237
1790165742213,2456,0.2037,0.0776
1790165742263,2457,0.1112,0.0096
1790165742313,2458,0.1754,0.0703
1790165742363,2459,0.0872,0.0081
1790165742412,2460,0.2203,0.0736
1790165742462,2461,0.1537,0.0134
1790165742514,2462,0.2240,0.0779
1790165742563,2463,0.1209,0.0108
1790165742612,2464,0.1748,0.0680
1790165742662,2465,0.1079,0.0085
1790165742713,2466,0.1469,0.0628
1790165742763,2467,0.0889,0.0089
1790165742813,2468,0.1399,0.0602
1790165742863,2469,0.0804,0.0074
1790165742913,2470,0.1680,0.0628
1790165742962,2471,0.1552,0.0133
1790165743013,2472,0.2161,0.0758
1790165743063,2473,0.1571,0.0134
1790165743113,2474,0.2184,0.0738
1790165743162,2475,0.1494,0.0132
1790165743213,2476,0.2366,0.0775
1790165743263,2477,0.1610,0.0117
1790165743313,2478,0.1846,0.0698
1790165743363,2479,0.0939,0.0087
1790165743414,2480,0.1555,0.0587
1790165743462,2481,0.1763,0.0143
1790165743512,2482,0.2194,0.0756
1790165743563,2483,0.1403,0.0120
1790165743613,2484,0.1886,0.0737
1790165743663,2485,0.1343,0.0113
1790165743713,2486,0.1787,0.0714
1790165743762,2487,0.1012,0.0094
1790165743812,2488,0.1750,0.0698
1790165743863,2489,0.1232,0.0103
1790165743913,2490,0.1757,0.0678
1790165743963,2491,0.1431,0.0126
1790165744013,2492,0.2518,0.0778
1790165744063,2493,0.1332,0.0120
1790165744113,2494,0.2353,0.0734
1790165744162,2495,0.1396,0.0118
1790165744213,2496,0.3744,0.2356
1790165744263,2497,0.2208,1.6685
1790165744312,2498,0.1914,0.8212
1790165744362,2499,0.1051,0.0058
1790165744413,2500,0.1928,0.0603
1790165744462,2501,0.1418,0.0112
1790165744513,2502,0.2240,0.0774
1790165744562,2503,0.1545,0.0127
1790165744613,2504,0.1829,0.0725
1790165744663,2505,0.1083,0.0094
1790165744713,2506,0.1597,0.0649
1790165744762,2507,0.0975,0.0088
1790165744813,2508,0.1519,0.0635
1790165744862,2509,0.0882,0.0074
1790165744912,2510,0.1446,0.0578
1790165744963,2511,0.0853,0.0069
1790165745012,2512,0.2708,0.1142
1790165745063,2513,0.4149,0.0129
1790165745112,2514,0.2620,0.0768
1790165745163,2515,0.1458,0.0132
1790165745212,2516,0.2142,0.0750
1790165745263,2517,0.1111,0.0102
1790165745313,2518,0.1831,0.0710
1790165745363,2519,0.1058,0.0095
1790165745412,2520,0.2049,0.0716
1790165745463,2521,0.1580,0.0138
1790165745512,2522,0.2366,0.0808
1790165745563,2523,0.1480,0.0127
1790165745612,2524,0.2263,0.0780
1790165745663,2525,0.1276,0.0109
1790165745713,2526,0.1797,0.0703
1790165745763,2527,0.1103,0.0100
1790165745813,2528,0.1591,0.0662
1790165745863,2529,0.0847,0.0079
1790165745913,2530,0.1490,0.0615
1790165745963,2531,0.0969,0.0083
1790165746012,2532,0.1738,0.0677
1790165746063,2533,0.1626,0.0147
1790165746113,2534,0.2340,0.0835
1790165746162,2535,0.1594,0.0157
1790165746213,2536,0.2343,0.0852
1790165746262,2537,0.1185,0.0146
1790165746313,2538,0.1785,0.0709
1790165746362,2539,0.1003,0.0092
1790165746414,2540,0.2560,0.0876
1790165746463,2541,0.1559,0.0134
1790165746512,2542,0.2669,0.0916
1790165746563,2543,0.1518,0.0138
1790165746613,2544,0.2273,0.0762
1790165746887,2545,0.8905,0.0445
1790165746887,2546,0.2697,0.1925
1790165746887,2547,0.0343,0.0039
1790165746887,2548,0.0581,0.0418
1790165746887,2549,0.0720,0.0012
1790165746913,2550,0.3388,0.1135
1790165746962,2551,0.1611,0.0136
1790165747012,2552,0.3123,0.1106
1790165747063,2553,0.1596,0.0139
1790165747112,2554,0.2385,0.0839
1790165747162,2555,0.1505,0.0122
1790165747213,2556,0.2264,0.0840
1790165747262,2557,0.1542,0.0135
1790165747313,2558,0.3112,0.1196
1790165747363,2559,0.1562,0.0130
1790165747436,2560,0.5165,0.1862
1790165747462,2561,0.1544,0.0134
1790165747513,2562,0.2523,0.0930
