# Jaubert, Qian, Lasala, Privat 2022, Fluid Phase Equilibria 560, 113456, Supporting Information Table S4 (file 1-s2.0-S0378381222000814-mmc1.docx).
# Group-binary interaction parameters Akl = Alk and Bkl = Blk in MPa (E-PPR78 convention), lower triangle as printed; NA = not available in the table; the diagonal is 0.
# Extracted 2026-09-25 from the MathType previews (WMF text records) of the docx by tools/eppr78-table-s4-extraction; every one of the 820 lower-triangle cells parsed.
k	l	group_k	group_l	Akl_MPa	Bkl_MPa
1	1	CH3	CH3	0	0
2	1	CH2	CH3	65.54	105.7
2	2	CH2	CH2	0	0
3	1	CH	CH3	214.9	294.9
3	2	CH	CH2	39.05	41.59
3	3	CH	CH	0	0
4	1	C	CH3	431.6	575.0
4	2	C	CH2	134.5	183.9
4	3	C	CH	-86.13	85.10
4	4	C	C	0	0
5	1	CH4	CH3	28.48	20.25
5	2	CH4	CH2	37.75	74.81
5	3	CH4	CH	131.4	157.5
5	4	CH4	C	309.5	35.69
5	5	CH4	CH4	0	0
6	1	C2H6	CH3	3.775	8.922
6	2	C2H6	CH2	29.85	65.88
6	3	C2H6	CH	156.1	96.77
6	4	C2H6	C	388.1	-224.8
6	5	C2H6	CH4	9.951	13.73
6	6	C2H6	C2H6	0	0
7	1	CHaro	CH3	98.83	136.2
7	2	CHaro	CH2	25.05	64.51
7	3	CHaro	CH	56.62	129.7
7	4	CHaro	C	170.5	284.1
7	5	CHaro	CH4	67.26	167.5
7	6	CHaro	C2H6	41.18	50.79
7	7	CHaro	CHaro	0	0
8	1	Caro	CH3	103.60	103.60
8	2	Caro	CH2	5.147	-7.549
8	3	Caro	CH	48.73	-89.22
8	4	Caro	C	128.3	189.1
8	5	Caro	CH4	106.7	190.8
8	6	Caro	C2H6	67.94	210.7
8	7	Caro	CHaro	-16.47	16.47
8	8	Caro	Caro	0	0
9	1	Cfused aromatic rings	CH3	624.9	774.10
9	2	Cfused aromatic rings	CH2	-17.84	-4.118
9	3	Cfused aromatic rings	CH	NA	NA
9	4	Cfused aromatic rings	C	NA	NA
9	5	Cfused aromatic rings	CH4	249.1	408.3
9	6	Cfused aromatic rings	C2H6	NA	NA
9	7	Cfused aromatic rings	CHaro	52.50	251.2
9	8	Cfused aromatic rings	Caro	-328.0	-569.3
9	9	Cfused aromatic rings	Cfused aromatic rings	0	0
10	1	CH2,cyclic	CH3	43.58	60.05
10	2	CH2,cyclic	CH2	8.579	27.79
10	3	CH2,cyclic	CH	73.09	71.37
10	4	CH2,cyclic	C	208.6	294.4
10	5	CH2,cyclic	CH4	33.97	5.490
10	6	CH2,cyclic	C2H6	12.70	73.43
10	7	CH2,cyclic	CHaro	28.82	65.54
10	8	CH2,cyclic	Caro	37.40	53.53
10	9	CH2,cyclic	Cfused aromatic rings	140.7	277.6
10	10	CH2,cyclic	CH2,cyclic	0	0
11	1	CHcyclic/Ccyclic	CH3	293.4	170.9
11	2	CHcyclic/Ccyclic	CH2	63.48	-74.46
11	3	CHcyclic/Ccyclic	CH	-120.8	18.53
11	4	CHcyclic/Ccyclic	C	25.05	81.33
11	5	CHcyclic/Ccyclic	CH4	188.0	473.9
11	6	CHcyclic/Ccyclic	C2H6	118.0	-212.8
11	7	CHcyclic/Ccyclic	CHaro	129.0	36.72
11	8	CHcyclic/Ccyclic	Caro	-99.17	-193.5
11	9	CHcyclic/Ccyclic	Cfused aromatic rings	-99.17	-193.5
11	10	CHcyclic/Ccyclic	CH2,cyclic	139.0	35.69
11	11	CHcyclic/Ccyclic	CHcyclic/Ccyclic	0	0
12	1	CO2	CH3	144.8	401.5
12	2	CO2	CH2	141.4	237.1
12	3	CO2	CH	191.8	380.9
12	4	CO2	C	377.5	162.7
12	5	CO2	CH4	136.6	214.8
12	6	CO2	C2H6	136.2	235.7
12	7	CO2	CHaro	98.48	253.6
12	8	CO2	Caro	154.4	374.4
12	9	CO2	Cfused aromatic rings	331.1	276.6
12	10	CO2	CH2,cyclic	144.1	354.1
12	11	CO2	CHcyclic/Ccyclic	216.2	-132.8
12	12	CO2	CO2	0	0
13	1	N2	CH3	38.09	88.19
13	2	N2	CH2	83.73	188.7
13	3	N2	CH	383.6	375.4
13	4	N2	C	341.8	635.2
13	5	N2	CH4	30.88	37.06
13	6	N2	C2H6	61.59	84.92
13	7	N2	CHaro	185.3	490.7
13	8	N2	Caro	343.8	1712
13	9	N2	Cfused aromatic rings	702.4	1889
13	10	N2	CH2,cyclic	179.5	546.6
13	11	N2	CHcyclic/Ccyclic	331.5	389.8
13	12	N2	CO2	113.9	212.4
13	13	N2	N2	0	0
14	1	H2S	CH3	159.6	227.8
14	2	H2S	CH2	136.6	124.6
14	3	H2S	CH	192.5	562.8
14	4	H2S	C	330.8	-297.2
14	5	H2S	CH4	190.1	307.5
14	6	H2S	C2H6	157.2	217.1
14	7	H2S	CHaro	21.28	6.177
14	8	H2S	Caro	9.608	-36.72
14	9	H2S	Cfused aromatic rings	9.608	-36.72
14	10	H2S	CH2,cyclic	117.4	166.4
14	11	H2S	CHcyclic/Ccyclic	71.37	-127.7
14	12	H2S	CO2	135.2	199.0
14	13	H2S	N2	319.5	550.1
14	14	H2S	H2S	0	0
15	1	SH	CH3	789.6	1829
15	2	SH	CH2	439.9	504.8
15	3	SH	CH	374.0	520.9
15	4	SH	C	685.9	1547
15	5	SH	CH4	701.7	1318
15	6	SH	C2H6	NA	NA
15	7	SH	CHaro	277.6	449.5
15	8	SH	Caro	1002	-736.4
15	9	SH	Cfused aromatic rings	1002	-736.4
15	10	SH	CH2,cyclic	493.1	832.1
15	11	SH	CHcyclic/Ccyclic	463.2	-337.7
15	12	SH	CO2	484.15	646.58
15	13	SH	N2	1042.00	1722.68
15	14	SH	H2S	-157.8	153.7
15	15	SH	SH	0	0
16	1	H2O	CH3	3557	11195
16	2	H2O	CH2	4324	12126
16	3	H2O	CH	971.4	567.6
16	4	H2O	C	NA	NA
16	5	H2O	CH4	2277.1	4719.6
16	6	H2O	C2H6	2333	5147
16	7	H2O	CHaro	2268	6218
16	8	H2O	Caro	543.5	411.8
16	9	H2O	Cfused aromatic rings	1340	-65.88
16	10	H2O	CH2,cyclic	4211	13031
16	11	H2O	CHcyclic/Ccyclic	244.0	-60.39
16	12	H2O	CO2	559.3	277.9
16	13	H2O	N2	2574	5490
16	14	H2O	H2S	603.9	599.1
16	15	H2O	SH	30.88	-113.6
16	16	H2O	H2O	0	0
17	1	C2H4	CH3	7.892	35.00
17	2	C2H4	CH2	59.71	82.35
17	3	C2H4	CH	147.9	-55.59
17	4	C2H4	C	366.8	-219.3
17	5	C2H4	CH4	19.22	33.29
17	6	C2H4	C2H6	7.549	20.93
17	7	C2H4	CHaro	25.74	78.92
17	8	C2H4	Caro	97.80	67.94
17	9	C2H4	Cfused aromatic rings	209.7	3819
17	10	C2H4	CH2,cyclic	35.34	52.50
17	11	C2H4	CHcyclic/Ccyclic	297.2	-647.2
17	12	C2H4	CO2	73.09	106.7
17	13	C2H4	N2	45.30	92.65
17	14	C2H4	H2S	NA	NA
17	15	C2H4	SH	NA	NA
17	16	C2H4	H2O	1650	1661
17	17	C2H4	C2H4	0	0
18	1	CH2,alkenic/CHalkenic	CH3	48.73	44.27
18	2	CH2,alkenic/CHalkenic	CH2	9.608	50.79
18	3	CH2,alkenic/CHalkenic	CH	84.76	193.2
18	4	CH2,alkenic/CHalkenic	C	181.2	419.0
18	5	CH2,alkenic/CHalkenic	CH4	48.73	68.29
18	6	CH2,alkenic/CHalkenic	C2H6	26.77	-5.147
18	7	CH2,alkenic/CHalkenic	CHaro	9.951	19.90
18	8	CH2,alkenic/CHalkenic	Caro	-48.38	27.79
18	9	CH2,alkenic/CHalkenic	Cfused aromatic rings	669.8	589.5
18	10	CH2,alkenic/CHalkenic	CH2,cyclic	-15.44	24.36
18	11	CH2,alkenic/CHalkenic	CHcyclic/Ccyclic	260.1	134.9
18	12	CH2,alkenic/CHalkenic	CO2	60.74	183.9
18	13	CH2,alkenic/CHalkenic	N2	59.71	227.2
18	14	CH2,alkenic/CHalkenic	H2S	NA	NA
18	15	CH2,alkenic/CHalkenic	SH	NA	NA
18	16	CH2,alkenic/CHalkenic	H2O	2243	5199
18	17	CH2,alkenic/CHalkenic	C2H4	14.76	11.32
18	18	CH2,alkenic/CHalkenic	CH2,alkenic/CHalkenic	0	0
19	1	Calkenic	CH3	102.6	260.1
19	2	Calkenic	CH2	64.85	51.82
19	3	Calkenic	CH	91.62	54.90
19	4	Calkenic	C	NA	NA
19	5	Calkenic	CH4	NA	NA
19	6	Calkenic	C2H6	NA	NA
19	7	Calkenic	CHaro	-16.47	61.42
19	8	Calkenic	Caro	343.1	880.2
19	9	Calkenic	Cfused aromatic rings	NA	NA
19	10	Calkenic	CH2,cyclic	159.6	140.7
19	11	Calkenic	CHcyclic/Ccyclic	NA	NA
19	12	Calkenic	CO2	74.81	-266.6
19	13	Calkenic	N2	541.5	94.71
19	14	Calkenic	H2S	NA	NA
19	15	Calkenic	SH	NA	NA
19	16	Calkenic	H2O	NA	NA
19	17	Calkenic	C2H4	-518.2	6815
19	18	Calkenic	CH2,alkenic/CHalkenic	24.71	121.8
19	19	Calkenic	Calkenic	0	0
20	1	CHcycloalkenic/Ccycloalkenic	CH3	47.01	169.5
20	2	CHcycloalkenic/Ccycloalkenic	CH2	34.31	51.13
20	3	CHcycloalkenic/Ccycloalkenic	CH	0.52	-7.20
20	4	CHcycloalkenic/Ccycloalkenic	C	NA	NA
20	5	CHcycloalkenic/Ccycloalkenic	CH4	NA	NA
20	6	CHcycloalkenic/Ccycloalkenic	C2H6	NA	NA
20	7	CHcycloalkenic/Ccycloalkenic	CHaro	3.775	1.716
20	8	CHcycloalkenic/Ccycloalkenic	Caro	242.9	-7.206
20	9	CHcycloalkenic/Ccycloalkenic	Cfused aromatic rings	NA	NA
20	10	CHcycloalkenic/Ccycloalkenic	CH2,cyclic	31.91	69.32
20	11	CHcycloalkenic/Ccycloalkenic	CHcyclic/Ccyclic	151.3	2.745
20	12	CHcycloalkenic/Ccycloalkenic	CO2	87.85	66.91
20	13	CHcycloalkenic/Ccycloalkenic	N2	NA	NA
20	14	CHcycloalkenic/Ccycloalkenic	H2S	NA	NA
20	15	CHcycloalkenic/Ccycloalkenic	SH	NA	NA
20	16	CHcycloalkenic/Ccycloalkenic	H2O	NA	NA
20	17	CHcycloalkenic/Ccycloalkenic	C2H4	-98.83	1809
20	18	CHcycloalkenic/Ccycloalkenic	CH2,alkenic/CHalkenic	14.07	-12.35
20	19	CHcycloalkenic/Ccycloalkenic	Calkenic	23.68	87.50
20	20	CHcycloalkenic/Ccycloalkenic	CHcycloalkenic/Ccycloalkenic	0	0
21	1	H2	CH3	174.0	239.5
21	2	H2	CH2	155.4	240.9
21	3	H2	CH	326.0	287.9
21	4	H2	C	548.3	2343
21	5	H2	CH4	156.1	92.99
21	6	H2	C2H6	137.6	150.0
21	7	H2	CHaro	288.9	189.1
21	8	H2	Caro	400.1	1201
21	9	H2	Cfused aromatic rings	602.9	1463
21	10	H2	CH2,cyclic	236.1	192.5
21	11	H2	CHcyclic/Ccyclic	-51.82	34.31
21	12	H2	CO2	261.1	300.9
21	13	H2	N2	65.20	70.10
21	14	H2	H2S	145.8	823.5
21	15	H2	SH	NA	NA
21	16	H2	H2O	830.8	-137.9
21	17	H2	C2H4	151.3	165.1
21	18	H2	CH2,alkenic/CHalkenic	175.7	373.0
21	19	H2	Calkenic	621.4	873.6
21	20	H2	CHcycloalkenic/Ccycloalkenic	460.8	2167
21	21	H2	H2	0	0
22	1	C2F6	CH3	119.1	118.4
22	2	C2F6	CH2	105.0	130.4
22	3	C2F6	CH	NA	NA
22	4	C2F6	C	NA	NA
22	5	C2F6	CH4	NA	NA
22	6	C2F6	C2H6	96.08	123.5
22	7	C2F6	CHaro	NA	NA
22	8	C2F6	Caro	NA	NA
22	9	C2F6	Cfused aromatic rings	NA	NA
22	10	C2F6	CH2,cyclic	NA	NA
22	11	C2F6	CHcyclic/Ccyclic	NA	NA
22	12	C2F6	CO2	126.6	241.2
22	13	C2F6	N2	NA	NA
22	14	C2F6	H2S	NA	NA
22	15	C2F6	SH	NA	NA
22	16	C2F6	H2O	NA	NA
22	17	C2F6	C2H4	NA	NA
22	18	C2F6	CH2,alkenic/CHalkenic	124.9	219.6
22	19	C2F6	Calkenic	NA	NA
22	20	C2F6	CHcycloalkenic/Ccycloalkenic	NA	NA
22	21	C2F6	H2	NA	NA
22	22	C2F6	C2F6	0	0
23	1	CF3	CH3	123.2	133.8
23	2	CF3	CH2	195.6	199.0
23	3	CF3	CH	531.5	-1945
23	4	CF3	C	413.1	975.2
23	5	CF3	CH4	NA	NA
23	6	CF3	C2H6	87.16	143.8
23	7	CF3	CHaro	680.1	421.7
23	8	CF3	Caro	733.0	866.8
23	9	CF3	Cfused aromatic rings	NA	NA
23	10	CF3	CH2,cyclic	216.2	343.1
23	11	CF3	CHcyclic/Ccyclic	NA	NA
23	12	CF3	CO2	156.5	-116.0
23	13	CF3	N2	NA	NA
23	14	CF3	H2S	NA	NA
23	15	CF3	SH	NA	NA
23	16	CF3	H2O	NA	NA
23	17	CF3	C2H4	453.0	-611.5
23	18	CF3	CH2,alkenic/CHalkenic	155.4	154.4
23	19	CF3	Calkenic	NA	NA
23	20	CF3	CHcycloalkenic/Ccycloalkenic	1232	-495.5
23	21	CF3	H2	NA	NA
23	22	CF3	C2F6	-14.47	-87.05
23	23	CF3	CF3	0	0
24	1	CF2	CH3	58.33	65.20
24	2	CF2	CH2	58.33	68.63
24	3	CF2	CH	-122.8	458.8
24	4	CF2	C	479.0	1430
24	5	CF2	CH4	NA	NA
24	6	CF2	C2H6	79.27	15.10
24	7	CF2	CHaro	-31.57	43.24
24	8	CF2	Caro	-8.922	5.147
24	9	CF2	Cfused aromatic rings	NA	NA
24	10	CF2	CH2,cyclic	42.55	-68.63
24	11	CF2	CHcyclic/Ccyclic	NA	NA
24	12	CF2	CO2	125.2	340.1
24	13	CF2	N2	NA	NA
24	14	CF2	H2S	NA	NA
24	15	CF2	SH	NA	NA
24	16	CF2	H2O	NA	NA
24	17	CF2	C2H4	NA	NA
24	18	CF2	CH2,alkenic/CHalkenic	155.4	154.4
24	19	CF2	Calkenic	NA	NA
24	20	CF2	CHcycloalkenic/Ccycloalkenic	NA	NA
24	21	CF2	H2	NA	NA
24	22	CF2	C2F6	NA	NA
24	23	CF2	CF3	0.000	0.000
24	24	CF2	CF2	0	0
25	1	CF2,double bond or CFdouble bond	CH3	-12.29	16.54
25	2	CF2,double bond or CFdouble bond	CH2	NA	NA
25	3	CF2,double bond or CFdouble bond	CH	NA	NA
25	4	CF2,double bond or CFdouble bond	C	NA	NA
25	5	CF2,double bond or CFdouble bond	CH4	NA	NA
25	6	CF2,double bond or CFdouble bond	C2H6	95.55	-231.1
25	7	CF2,double bond or CFdouble bond	CHaro	-274.3	-411.7
25	8	CF2,double bond or CFdouble bond	Caro	78.62	-108.0
25	9	CF2,double bond or CFdouble bond	Cfused aromatic rings	NA	NA
25	10	CF2,double bond or CFdouble bond	CH2,cyclic	NA	NA
25	11	CF2,double bond or CFdouble bond	CHcyclic/Ccyclic	NA	NA
25	12	CF2,double bond or CFdouble bond	CO2	36.25	63.49
25	13	CF2,double bond or CFdouble bond	N2	NA	NA
25	14	CF2,double bond or CFdouble bond	H2S	NA	NA
25	15	CF2,double bond or CFdouble bond	SH	NA	NA
25	16	CF2,double bond or CFdouble bond	H2O	NA	NA
25	17	CF2,double bond or CFdouble bond	C2H4	-132.7	548.3
25	18	CF2,double bond or CFdouble bond	CH2,alkenic/CHalkenic	88.21	12.87
25	19	CF2,double bond or CFdouble bond	Calkenic	NA	NA
25	20	CF2,double bond or CFdouble bond	CHcycloalkenic/Ccycloalkenic	NA	NA
25	21	CF2,double bond or CFdouble bond	H2	NA	NA
25	22	CF2,double bond or CFdouble bond	C2F6	55.90	-193.3
25	23	CF2,double bond or CFdouble bond	CF3	17.55	-92.99
25	24	CF2,double bond or CFdouble bond	CF2	NA	NA
25	25	CF2,double bond or CFdouble bond	CF2,double bond or CFdouble bond	0	0
26	1	C2H4F2	CH3	128.3	292.4
26	2	C2H4F2	CH2	107.1	119.8
26	3	C2H4F2	CH	143.8	15.78
26	4	C2H4F2	C	NA	NA
26	5	C2H4F2	CH4	NA	NA
26	6	C2H4F2	C2H6	NA	NA
26	7	C2H4F2	CHaro	NA	NA
26	8	C2H4F2	Caro	NA	NA
26	9	C2H4F2	Cfused aromatic rings	NA	NA
26	10	C2H4F2	CH2,cyclic	NA	NA
26	11	C2H4F2	CHcyclic/Ccyclic	NA	NA
26	12	C2H4F2	CO2	48.73	751.1
26	13	C2H4F2	N2	NA	NA
26	14	C2H4F2	H2S	NA	NA
26	15	C2H4F2	SH	NA	NA
26	16	C2H4F2	H2O	NA	NA
26	17	C2H4F2	C2H4	NA	NA
26	18	C2H4F2	CH2,alkenic/CHalkenic	76.86	-145.5
26	19	C2H4F2	Calkenic	NA	NA
26	20	C2H4F2	CHcycloalkenic/Ccycloalkenic	NA	NA
26	21	C2H4F2	H2	NA	NA
26	22	C2H4F2	C2F6	NA	NA
26	23	C2H4F2	CF3	113.2	247.1
26	24	C2H4F2	CF2	120.1	264.2
26	25	C2H4F2	CF2,double bond or CFdouble bond	NA	NA
26	26	C2H4F2	C2H4F2	0	0
27	1	C2H2F4	CH3	158.5	356.5
27	2	C2H2F4	CH2	86.47	-40.49
27	3	C2H2F4	CH	121.5	-44.61
27	4	C2H2F4	C	NA	NA
27	5	C2H2F4	CH4	NA	NA
27	6	C2H2F4	C2H6	72.40	-305.4
27	7	C2H2F4	CHaro	NA	NA
27	8	C2H2F4	Caro	NA	NA
27	9	C2H2F4	Cfused aromatic rings	NA	NA
27	10	C2H2F4	CH2,cyclic	NA	NA
27	11	C2H2F4	CHcyclic/Ccyclic	NA	NA
27	12	C2H2F4	CO2	29.51	89.90
27	13	C2H2F4	N2	NA	NA
27	14	C2H2F4	H2S	NA	NA
27	15	C2H2F4	SH	NA	NA
27	16	C2H2F4	H2O	NA	NA
27	17	C2H2F4	C2H4	NA	NA
27	18	C2H2F4	CH2,alkenic/CHalkenic	64.51	-41.86
27	19	C2H2F4	Calkenic	NA	NA
27	20	C2H2F4	CHcycloalkenic/Ccycloalkenic	NA	NA
27	21	C2H2F4	H2	NA	NA
27	22	C2H2F4	C2F6	60.74	217.6
27	23	C2H2F4	CF3	28.14	8.235
27	24	C2H2F4	CF2	229.9	259.1
27	25	C2H2F4	CF2,double bond or CFdouble bond	NA	NA
27	26	C2H2F4	C2H4F2	-4.118	4.118
27	27	C2H2F4	C2H2F4	0	0
28	1	CO	CH3	91.24	94.24
28	2	CO	CH2	44.00	45.55
28	3	CO	CH	NA	NA
28	4	CO	C	NA	NA
28	5	CO	CH4	14.43	20.92
28	6	CO	C2H6	15.42	33.30
28	7	CO	CHaro	153.4	153.4
28	8	CO	Caro	125.77	-231.1
28	9	CO	Cfused aromatic rings	197.0	-238.8
28	10	CO	CH2,cyclic	113.1	143.6
28	11	CO	CHcyclic/Ccyclic	NA	NA
28	12	CO	CO2	87.85	190.8
28	13	CO	N2	23.33	-25.40
28	14	CO	H2S	278.6	404.2
28	15	CO	SH	NA	NA
28	16	CO	H2O	715.1	-89.90
28	17	CO	C2H4	84.55	-7.515
28	18	CO	CH2,alkenic/CHalkenic	NA	NA
28	19	CO	Calkenic	NA	NA
28	20	CO	CHcycloalkenic/Ccycloalkenic	NA	NA
28	21	CO	H2	75.84	74.81
28	22	CO	C2F6	NA	NA
28	23	CO	CF3	NA	NA
28	24	CO	CF2	NA	NA
28	25	CO	CF2,double bond or CFdouble bond	NA	NA
28	26	CO	C2H4F2	NA	NA
28	27	CO	C2H2F4	NA	NA
28	28	CO	CO	0	0
29	1	He	CH3	416.3	513.4
29	2	He	CH2	520.52	673.22
29	3	He	CH	728.1	750.9
29	4	He	C	NA	NA
29	5	He	CH4	394.5	378.1
29	6	He	C2H6	581.3	517.1
29	7	He	CHaro	753.6	590.5
29	8	He	Caro	753.6	590.5
29	9	He	Cfused aromatic rings	753.6	590.5
29	10	He	CH2,cyclic	NA	NA
29	11	He	CHcyclic/Ccyclic	NA	NA
29	12	He	CO2	685.9	559.3
29	13	He	N2	204.7	222.8
29	14	He	H2S	NA	NA
29	15	He	SH	NA	NA
29	16	He	H2O	NA	NA
29	17	He	C2H4	569.6	536.7
29	18	He	CH2,alkenic/CHalkenic	644.3	687.7
29	19	He	Calkenic	NA	NA
29	20	He	CHcycloalkenic/Ccycloalkenic	NA	NA
29	21	He	H2	138.7	95.49
29	22	He	C2F6	NA	NA
29	23	He	CF3	NA	NA
29	24	He	CF2	NA	NA
29	25	He	CF2,double bond or CFdouble bond	NA	NA
29	26	He	C2H4F2	NA	NA
29	27	He	C2H2F4	NA	NA
29	28	He	CO	260.1	259.9
29	29	He	He	0	0
30	1	Ar	CH3	11.27	55.48
30	2	Ar	CH2	113.6	231.6
30	3	Ar	CH	185.8	634.2
30	4	Ar	C	899.0	4655
30	5	Ar	CH4	15.97	24.48
30	6	Ar	C2H6	43.81	53.10
30	7	Ar	CHaro	195.6	361.3
30	8	Ar	Caro	NA	NA
30	9	Ar	Cfused aromatic rings	NA	NA
30	10	Ar	CH2,cyclic	1269	18666
30	11	Ar	CHcyclic/Ccyclic	NA	NA
30	12	Ar	CO2	177.8	86.82
30	13	Ar	N2	6.488	8.774
30	14	Ar	H2S	NA	NA
30	15	Ar	SH	NA	NA
30	16	Ar	H2O	1197	1211
30	17	Ar	C2H4	NA	NA
30	18	Ar	CH2,alkenic/CHalkenic	203.0	-11.78
30	19	Ar	Calkenic	NA	NA
30	20	Ar	CHcycloalkenic/Ccycloalkenic	NA	NA
30	21	Ar	H2	128.2	102.9
30	22	Ar	C2F6	NA	NA
30	23	Ar	CF3	NA	NA
30	24	Ar	CF2	NA	NA
30	25	Ar	CF2,double bond or CFdouble bond	NA	NA
30	26	Ar	C2H4F2	NA	NA
30	27	Ar	C2H2F4	NA	NA
30	28	Ar	CO	4.042	8.180
30	29	Ar	He	243.1	305.6
30	30	Ar	Ar	0	0
31	1	SO2	CH3	322.2	201.4
31	2	SO2	CH2	55.9	-28.5
31	3	SO2	CH	-70.0	233.7
31	4	SO2	C	NA	NA
31	5	SO2	CH4	205.9	323.6
31	6	SO2	C2H6	NA	NA
31	7	SO2	CHaro	37.1	-23.7
31	8	SO2	Caro	-196.6	-397.4
31	9	SO2	Cfused aromatic rings	NA	NA
31	10	SO2	CH2,cyclic	NA	NA
31	11	SO2	CHcyclic/Ccyclic	NA	NA
31	12	SO2	CO2	54.90	59.02
31	13	SO2	N2	282.4	362.7
31	14	SO2	H2S	NA	NA
31	15	SO2	SH	NA	NA
31	16	SO2	H2O	374.4	148.6
31	17	SO2	C2H4	NA	NA
31	18	SO2	CH2,alkenic/CHalkenic	26.8	26.8
31	19	SO2	Calkenic	-141.7	-151.3
31	20	SO2	CHcycloalkenic/Ccycloalkenic	NA	NA
31	21	SO2	H2	NA	NA
31	22	SO2	C2F6	NA	NA
31	23	SO2	CF3	NA	NA
31	24	SO2	CF2	NA	NA
31	25	SO2	CF2,double bond or CFdouble bond	NA	NA
31	26	SO2	C2H4F2	NA	NA
31	27	SO2	C2H2F4	NA	NA
31	28	SO2	CO	NA	NA
31	29	SO2	He	NA	NA
31	30	SO2	Ar	299.9	354.1
31	31	SO2	SO2	0	0
32	1	O2	CH3	86.1	87.5
32	2	O2	CH2	107.4	200.8
32	3	O2	CH	NA	NA
32	4	O2	C	NA	NA
32	5	O2	CH4	NA	NA
32	6	O2	C2H6	NA	NA
32	7	O2	CHaro	233.4	404.9
32	8	O2	Caro	177.1	2559.4
32	9	O2	Cfused aromatic rings	NA	NA
32	10	O2	CH2,cyclic	181.2	281.4
32	11	O2	CHcyclic/Ccyclic	102.3	988.0
32	12	O2	CO2	154.4	109.8
32	13	O2	N2	2.40	4.80
32	14	O2	H2S	NA	NA
32	15	O2	SH	NA	NA
32	16	O2	H2O	1376	1609
32	17	O2	C2H4	NA	NA
32	18	O2	CH2,alkenic/CHalkenic	NA	NA
32	19	O2	Calkenic	NA	NA
32	20	O2	CHcycloalkenic/Ccycloalkenic	NA	NA
32	21	O2	H2	NA	NA
32	22	O2	C2F6	NA	NA
32	23	O2	CF3	NA	NA
32	24	O2	CF2	NA	NA
32	25	O2	CF2,double bond or CFdouble bond	NA	NA
32	26	O2	C2H4F2	NA	NA
32	27	O2	C2H2F4	NA	NA
32	28	O2	CO	NA	NA
32	29	O2	He	NA	NA
32	30	O2	Ar	4.80	7.89
32	31	O2	SO2	340.0	665.7
32	32	O2	O2	0	0
33	1	NO	CH3	NA	NA
33	2	NO	CH2	NA	NA
33	3	NO	CH	NA	NA
33	4	NO	C	NA	NA
33	5	NO	CH4	NA	NA
33	6	NO	C2H6	NA	NA
33	7	NO	CHaro	NA	NA
33	8	NO	Caro	NA	NA
33	9	NO	Cfused aromatic rings	NA	NA
33	10	NO	CH2,cyclic	-27.5	50.1
33	11	NO	CHcyclic/Ccyclic	NA	NA
33	12	NO	CO2	5.1	48.4
33	13	NO	N2	258.7	100.5
33	14	NO	H2S	NA	NA
33	15	NO	SH	NA	NA
33	16	NO	H2O	NA	NA
33	17	NO	C2H4	NA	NA
33	18	NO	CH2,alkenic/CHalkenic	NA	NA
33	19	NO	Calkenic	NA	NA
33	20	NO	CHcycloalkenic/Ccycloalkenic	NA	NA
33	21	NO	H2	NA	NA
33	22	NO	C2F6	NA	NA
33	23	NO	CF3	NA	NA
33	24	NO	CF2	NA	NA
33	25	NO	CF2,double bond or CFdouble bond	NA	NA
33	26	NO	C2H4F2	NA	NA
33	27	NO	C2H2F4	NA	NA
33	28	NO	CO	309.2	28.82
33	29	NO	He	NA	NA
33	30	NO	Ar	110.8	155.5
33	31	NO	SO2	172.3	1343
33	32	NO	O2	NA	NA
33	33	NO	NO	0	0
34	1	COS	CH3	NA	NA
34	2	COS	CH2	NA	NA
34	3	COS	CH	NA	NA
34	4	COS	C	NA	NA
34	5	COS	CH4	44.61	-95.05
34	6	COS	C2H6	NA	NA
34	7	COS	CHaro	NA	NA
34	8	COS	Caro	NA	NA
34	9	COS	Cfused aromatic rings	NA	NA
34	10	COS	CH2,cyclic	NA	NA
34	11	COS	CHcyclic/Ccyclic	NA	NA
34	12	COS	CO2	83.04	165.7
34	13	COS	N2	NA	NA
34	14	COS	H2S	101.9	98.14
34	15	COS	SH	NA	NA
34	16	COS	H2O	NA	NA
34	17	COS	C2H4	NA	NA
34	18	COS	CH2,alkenic/CHalkenic	NA	NA
34	19	COS	Calkenic	NA	NA
34	20	COS	CHcycloalkenic/Ccycloalkenic	NA	NA
34	21	COS	H2	NA	NA
34	22	COS	C2F6	NA	NA
34	23	COS	CF3	NA	NA
34	24	COS	CF2	NA	NA
34	25	COS	CF2,double bond or CFdouble bond	NA	NA
34	26	COS	C2H4F2	NA	NA
34	27	COS	C2H2F4	NA	NA
34	28	COS	CO	NA	NA
34	29	COS	He	NA	NA
34	30	COS	Ar	NA	NA
34	31	COS	SO2	NA	NA
34	32	COS	O2	NA	NA
34	33	COS	NO	NA	NA
34	34	COS	COS	0	0
35	1	NH3	CH3	NA	NA
35	2	NH3	CH2	NA	NA
35	3	NH3	CH	NA	NA
35	4	NH3	C	NA	NA
35	5	NH3	CH4	436.1	958.8
35	6	NH3	C2H6	NA	NA
35	7	NH3	CHaro	NA	NA
35	8	NH3	Caro	NA	NA
35	9	NH3	Cfused aromatic rings	NA	NA
35	10	NH3	CH2,cyclic	NA	NA
35	11	NH3	CHcyclic/Ccyclic	NA	NA
35	12	NH3	CO2	NA	NA
35	13	NH3	N2	585.8	1011.3
35	14	NH3	H2S	NA	NA
35	15	NH3	SH	NA	NA
35	16	NH3	H2O	-550.1	-1404.2
35	17	NH3	C2H4	NA	NA
35	18	NH3	CH2,alkenic/CHalkenic	NA	NA
35	19	NH3	Calkenic	NA	NA
35	20	NH3	CHcycloalkenic/Ccycloalkenic	NA	NA
35	21	NH3	H2	701.7	931.3
35	22	NH3	C2F6	NA	NA
35	23	NH3	CF3	NA	NA
35	24	NH3	CF2	NA	NA
35	25	NH3	CF2,double bond or CFdouble bond	NA	NA
35	26	NH3	C2H4F2	NA	NA
35	27	NH3	C2H2F4	NA	NA
35	28	NH3	CO	NA	NA
35	29	NH3	He	NA	NA
35	30	NH3	Ar	630.0	1794.0
35	31	NH3	SO2	NA	NA
35	32	NH3	O2	NA	NA
35	33	NH3	NO	NA	NA
35	34	NH3	COS	NA	NA
35	35	NH3	NH3	0	0
36	1	NO2/N2O4	CH3	NA	NA
36	2	NO2/N2O4	CH2	NA	NA
36	3	NO2/N2O4	CH	NA	NA
36	4	NO2/N2O4	C	NA	NA
36	5	NO2/N2O4	CH4	NA	NA
36	6	NO2/N2O4	C2H6	NA	NA
36	7	NO2/N2O4	CHaro	NA	NA
36	8	NO2/N2O4	Caro	NA	NA
36	9	NO2/N2O4	Cfused aromatic rings	NA	NA
36	10	NO2/N2O4	CH2,cyclic	NA	NA
36	11	NO2/N2O4	CHcyclic/Ccyclic	NA	NA
36	12	NO2/N2O4	CO2	124.9	241.6
36	13	NO2/N2O4	N2	263.5	260.0
36	14	NO2/N2O4	H2S	NA	NA
36	15	NO2/N2O4	SH	NA	NA
36	16	NO2/N2O4	H2O	NA	NA
36	17	NO2/N2O4	C2H4	NA	NA
36	18	NO2/N2O4	CH2,alkenic/CHalkenic	NA	NA
36	19	NO2/N2O4	Calkenic	NA	NA
36	20	NO2/N2O4	CHcycloalkenic/Ccycloalkenic	NA	NA
36	21	NO2/N2O4	H2	NA	NA
36	22	NO2/N2O4	C2F6	NA	NA
36	23	NO2/N2O4	CF3	NA	NA
36	24	NO2/N2O4	CF2	NA	NA
36	25	NO2/N2O4	CF2,double bond or CFdouble bond	NA	NA
36	26	NO2/N2O4	C2H4F2	NA	NA
36	27	NO2/N2O4	C2H2F4	NA	NA
36	28	NO2/N2O4	CO	NA	NA
36	29	NO2/N2O4	He	NA	NA
36	30	NO2/N2O4	Ar	278.6	274.5
36	31	NO2/N2O4	SO2	NA	NA
36	32	NO2/N2O4	O2	271.1	362.4
36	33	NO2/N2O4	NO	NA	NA
36	34	NO2/N2O4	COS	NA	NA
36	35	NO2/N2O4	NH3	NA	NA
36	36	NO2/N2O4	NO2/N2O4	0	0
37	1	N2O	CH3	NA	NA
37	2	N2O	CH2	NA	NA
37	3	N2O	CH	NA	NA
37	4	N2O	C	NA	NA
37	5	N2O	CH4	74.81	107.1
37	6	N2O	C2H6	NA	NA
37	7	N2O	CHaro	NA	NA
37	8	N2O	Caro	NA	NA
37	9	N2O	Cfused aromatic rings	NA	NA
37	10	N2O	CH2,cyclic	NA	NA
37	11	N2O	CHcyclic/Ccyclic	NA	NA
37	12	N2O	CO2	3.77	14.07
37	13	N2O	N2	101.6	230.9
37	14	N2O	H2S	NA	NA
37	15	N2O	SH	NA	NA
37	16	N2O	H2O	568.9	-144.8
37	17	N2O	C2H4	NA	NA
37	18	N2O	CH2,alkenic/CHalkenic	NA	NA
37	19	N2O	Calkenic	NA	NA
37	20	N2O	CHcycloalkenic/Ccycloalkenic	NA	NA
37	21	N2O	H2	NA	NA
37	22	N2O	C2F6	NA	NA
37	23	N2O	CF3	NA	NA
37	24	N2O	CF2	NA	NA
37	25	N2O	CF2,double bond or CFdouble bond	NA	NA
37	26	N2O	C2H4F2	NA	NA
37	27	N2O	C2H2F4	NA	NA
37	28	N2O	CO	NA	NA
37	29	N2O	He	NA	NA
37	30	N2O	Ar	NA	NA
37	31	N2O	SO2	NA	NA
37	32	N2O	O2	120.1	105.7
37	33	N2O	NO	NA	NA
37	34	N2O	COS	NA	NA
37	35	N2O	NH3	NA	NA
37	36	N2O	NO2/N2O4	NA	NA
37	37	N2O	N2O	0	0
38	1	C2H2	CH3	-6.86	41.52
38	2	C2H2	CH2	421.0	1193.8
38	3	C2H2	CH	NA	NA
38	4	C2H2	C	NA	NA
38	5	C2H2	CH4	NA	NA
38	6	C2H2	C2H6	137.9	168.1
38	7	C2H2	CHaro	29.17	123.5
38	8	C2H2	Caro	NA	NA
38	9	C2H2	Cfused aromatic rings	NA	NA
38	10	C2H2	CH2,cyclic	NA	NA
38	11	C2H2	CHcyclic/Ccyclic	NA	NA
38	12	C2H2	CO2	NA	NA
38	13	C2H2	N2	NA	NA
38	14	C2H2	H2S	NA	NA
38	15	C2H2	SH	NA	NA
38	16	C2H2	H2O	436.8	-200.1
38	17	C2H2	C2H4	NA	NA
38	18	C2H2	CH2,alkenic/CHalkenic	165.4	39.80
38	19	C2H2	Calkenic	NA	NA
38	20	C2H2	CHcycloalkenic/Ccycloalkenic	NA	NA
38	21	C2H2	H2	NA	NA
38	22	C2H2	C2F6	NA	NA
38	23	C2H2	CF3	NA	NA
38	24	C2H2	CF2	NA	NA
38	25	C2H2	CF2,double bond or CFdouble bond	NA	NA
38	26	C2H2	C2H4F2	-58.68	303.7
38	27	C2H2	C2H2F4	NA	NA
38	28	C2H2	CO	NA	NA
38	29	C2H2	He	NA	NA
38	30	C2H2	Ar	NA	NA
38	31	C2H2	SO2	NA	NA
38	32	C2H2	O2	NA	NA
38	33	C2H2	NO	NA	NA
38	34	C2H2	COS	NA	NA
38	35	C2H2	NH3	NA	NA
38	36	C2H2	NO2/N2O4	NA	NA
38	37	C2H2	N2O	NA	NA
38	38	C2H2	C2H2	0	0
39	1	HC≡C-	CH3	306.1	1167.0
39	2	HC≡C-	CH2	303.3	316.0
39	3	HC≡C-	CH	206.9	3975.0
39	4	HC≡C-	C	NA	NA
39	5	HC≡C-	CH4	NA	NA
39	6	HC≡C-	C2H6	NA	NA
39	7	HC≡C-	CHaro	96.08	148.2
39	8	HC≡C-	Caro	176.0	-459.5
39	9	HC≡C-	Cfused aromatic rings	NA	NA
39	10	HC≡C-	CH2,cyclic	496.2	496.2
39	11	HC≡C-	CHcyclic/Ccyclic	863.7	863.7
39	12	HC≡C-	CO2	60.05	-80.98
39	13	HC≡C-	N2	NA	NA
39	14	HC≡C-	H2S	NA	NA
39	15	HC≡C-	SH	NA	NA
39	16	HC≡C-	H2O	-2395.5	-11671
39	17	HC≡C-	C2H4	NA	NA
39	18	HC≡C-	CH2,alkenic/CHalkenic	134.5	568.9
39	19	HC≡C-	Calkenic	212.8	-2182.8
39	20	HC≡C-	CHcycloalkenic/Ccycloalkenic	NA	NA
39	21	HC≡C-	H2	NA	NA
39	22	HC≡C-	C2F6	NA	NA
39	23	HC≡C-	CF3	NA	NA
39	24	HC≡C-	CF2	NA	NA
39	25	HC≡C-	CF2,double bond or CFdouble bond	NA	NA
39	26	HC≡C-	C2H4F2	NA	NA
39	27	HC≡C-	C2H2F4	NA	NA
39	28	HC≡C-	CO	NA	NA
39	29	HC≡C-	He	NA	NA
39	30	HC≡C-	Ar	NA	NA
39	31	HC≡C-	SO2	NA	NA
39	32	HC≡C-	O2	NA	NA
39	33	HC≡C-	NO	NA	NA
39	34	HC≡C-	COS	NA	NA
39	35	HC≡C-	NH3	NA	NA
39	36	HC≡C-	NO2/N2O4	NA	NA
39	37	HC≡C-	N2O	NA	NA
39	38	HC≡C-	C2H2	122.5	247.8
39	39	HC≡C-	HC≡C-	0	0
40	1	-C≡C-	CH3	72.06	1219.5
40	2	-C≡C-	CH2	488.0	826.6
40	3	-C≡C-	CH	4.46	-245.4
40	4	-C≡C-	C	NA	NA
40	5	-C≡C-	CH4	NA	NA
40	6	-C≡C-	C2H6	NA	NA
40	7	-C≡C-	CHaro	403.9	403.9
40	8	-C≡C-	Caro	518.5	518.5
40	9	-C≡C-	Cfused aromatic rings	NA	NA
40	10	-C≡C-	CH2,cyclic	845.9	845.9
40	11	-C≡C-	CHcyclic/Ccyclic	NA	NA
40	12	-C≡C-	CO2	NA	NA
40	13	-C≡C-	N2	NA	NA
40	14	-C≡C-	H2S	NA	NA
40	15	-C≡C-	SH	NA	NA
40	16	-C≡C-	H2O	NA	NA
40	17	-C≡C-	C2H4	NA	NA
40	18	-C≡C-	CH2,alkenic/CHalkenic	255.6	676.7
40	19	-C≡C-	Calkenic	-874.3	1040.1
40	20	-C≡C-	CHcycloalkenic/Ccycloalkenic	NA	NA
40	21	-C≡C-	H2	NA	NA
40	22	-C≡C-	C2F6	NA	NA
40	23	-C≡C-	CF3	NA	NA
40	24	-C≡C-	CF2	NA	NA
40	25	-C≡C-	CF2,double bond or CFdouble bond	NA	NA
40	26	-C≡C-	C2H4F2	NA	NA
40	27	-C≡C-	C2H2F4	NA	NA
40	28	-C≡C-	CO	NA	NA
40	29	-C≡C-	He	NA	NA
40	30	-C≡C-	Ar	NA	NA
40	31	-C≡C-	SO2	NA	NA
40	32	-C≡C-	O2	NA	NA
40	33	-C≡C-	NO	NA	NA
40	34	-C≡C-	COS	NA	NA
40	35	-C≡C-	NH3	NA	NA
40	36	-C≡C-	NO2/N2O4	NA	NA
40	37	-C≡C-	N2O	NA	NA
40	38	-C≡C-	C2H2	NA	NA
40	39	-C≡C-	HC≡C-	-497.6	-824.2
40	40	-C≡C-	-C≡C-	0	0
