epoch_ms,cpu_s,user_s,kernel_s,working_set_bytes,private_bytes,peak_working_set_bytes,threads,handles
1790185082995,389.9375,380.4375,9.5,1929015296,1989820416,2036633600,112,1446
1790185084015,391.5625,381.921875,9.640625,1933910016,1995763712,2036633600,110,1442
1790185085021,392.03125,382.203125,9.828125,1934737408,2001170432,2036633600,107,1433
1790185086029,392.875,382.921875,9.953125,1935806464,2002276352,2036633600,110,1441
1790185087037,399.796875,389.484375,10.3125,2092437504,2161111040,2129440768,110,1441
1790185088040,399.875,389.515625,10.359375,2092204032,2160627712,2129440768,103,1420
1790185089043,399.9375,389.546875,10.390625,2092171264,2160500736,2129440768,100,1413
1790185090046,400.1875,389.6875,10.5,1875279872,1944907776,2129440768,103,1422
1790185091053,403.640625,392.78125,10.859375,2032402432,2103644160,2129440768,110,1441
1790185092061,403.75,392.859375,10.890625,2019815424,2089750528,2129440768,102,1417
1790185093081,403.859375,392.90625,10.953125,2020614144,2089844736,2129440768,102,1417
1790185094084,403.984375,392.96875,11.015625,2020696064,2089865216,2129440768,100,1411
1790185095100,404.71875,393.546875,11.171875,1975930880,2043449344,2129440768,107,1432
1790185096116,405.609375,394.390625,11.21875,1973534720,2040778752,2129440768,102,1418
1790185097128,405.671875,394.421875,11.25,1973604352,2040844288,2129440768,102,1418
1790185098137,405.734375,394.4375,11.296875,1973542912,2040737792,2129440768,101,1415
1790185099144,405.78125,394.453125,11.328125,1973510144,2040672256,2129440768,100,1411
1790185100150,406.921875,395.328125,11.59375,1974538240,2041446400,2129440768,103,1421
1790185101157,406.96875,395.34375,11.625,1974427648,2041274368,2129440768,101,1415
1790185102161,407.015625,395.34375,11.671875,1974390784,2041204736,2129440768,100,1411
1790185103164,407.484375,395.78125,11.703125,1974685696,2041495552,2129440768,105,1426
1790185104169,407.859375,396.078125,11.78125,1974640640,2041331712,2129440768,102,1418
1790185105171,407.9375,396.140625,11.796875,1974538240,2041131008,2129440768,99,1408
1790185106178,407.96875,396.140625,11.828125,1974538240,2041131008,2129440768,99,1408
1790185107187,408.015625,396.15625,11.859375,1974558720,2041131008,2129440768,99,1408
1790185108192,408.734375,396.75,11.984375,1974841344,2041327616,2129440768,102,1417
1790185109196,408.765625,396.75,12.015625,1974738944,2041131008,2129440768,99,1410
1790185110206,408.796875,396.75,12.046875,1852334080,1919041536,2129440768,99,1410
1790185111212,408.828125,396.75,12.078125,1852645376,1919361024,2129440768,99,1410
1790185112219,409.109375,397,12.109375,1883521024,1951387648,2129440768,104,1425
1790185113226,409.140625,397,12.140625,1883353088,1951100928,2129440768,100,1415
1790185114236,409.203125,397.015625,12.1875,1883570176,1951182848,2129440768,99,1408
1790185115243,409.234375,397.03125,12.203125,1883570176,1951182848,2129440768,99,1408
1790185116253,409.296875,397.078125,12.21875,1892167680,1959329792,2129440768,99,1408
1790185117255,409.34375,397.09375,12.25,1895034880,1962225664,2129440768,99,1408
1790185118259,409.375,397.09375,12.28125,1895034880,1962225664,2129440768,99,1408
1790185119265,409.453125,397.125,12.328125,1895686144,1962868736,2129440768,99,1408
1790185120271,409.8125,397.390625,12.421875,1916547072,1984561152,2129440768,101,1414
1790185121277,409.90625,397.4375,12.46875,1917612032,1985294336,2129440768,99,1408
1790185122282,409.953125,397.453125,12.5,1917612032,1985294336,2129440768,99,1408
1790185123290,410,397.453125,12.546875,1917730816,1985392640,2129440768,99,1408
1790185124300,410.34375,397.703125,12.640625,1925300224,1992724480,2129440768,102,1417
1790185125307,410.40625,397.703125,12.703125,1925246976,1992642560,2129440768,101,1414
1790185126312,410.46875,397.75,12.71875,1925140480,1992441856,2129440768,98,1405
1790185127316,410.515625,397.78125,12.734375,1925140480,1992441856,2129440768,98,1405
1790185128321,410.921875,398.15625,12.765625,1926721536,1994592256,2129440768,103,1420
1790185129327,410.953125,398.15625,12.796875,1926787072,1994321920,2129440768,98,1405
1790185130331,410.984375,398.15625,12.828125,1926750208,1994252288,2129440768,97,1401
1790185131339,411.046875,398.1875,12.859375,1926918144,1994391552,2129440768,96,1398
1790185132347,411.265625,398.359375,12.90625,1926918144,1994391552,2129440768,96,1398
1790185133356,411.3125,398.375,12.9375,1927483392,1994969088,2129440768,100,1410
1790185134375,411.40625,398.421875,12.984375,1927475200,1994792960,2129440768,97,1401
1790185135381,411.484375,398.421875,13.0625,1927405568,1994661888,2129440768,95,1395
1790185136391,411.515625,398.421875,13.09375,1927409664,1994661888,2129440768,95,1395
1790185137408,411.546875,398.421875,13.125,1927368704,1994588160,2129440768,93,1391
1790185138417,411.578125,398.421875,13.15625,1927434240,1994653696,2129440768,93,1391
1790185139421,411.65625,398.453125,13.203125,1928249344,1995468800,2129440768,93,1391
1790185140428,411.734375,398.484375,13.25,1928720384,1995780096,2129440768,92,1388
1790185141431,411.765625,398.484375,13.28125,1928720384,1995780096,2129440768,92,1388
1790185142438,411.828125,398.5,13.328125,1928720384,1995780096,2129440768,92,1388
1790185143447,411.875,398.5,13.375,1928720384,1995780096,2129440768,92,1388
1790185144453,412.28125,398.875,13.40625,1928720384,1995780096,2129440768,92,1388
1790185145459,412.359375,398.90625,13.453125,1929809920,1996578816,2129440768,92,1388
1790185146465,412.40625,398.921875,13.484375,1929809920,1996578816,2129440768,92,1388
1790185147473,412.578125,399.0625,13.515625,1932693504,1999650816,2129440768,92,1388
1790185148477,412.609375,399.0625,13.546875,1932693504,1999650816,2129440768,92,1388
1790185149484,412.671875,399.078125,13.59375,1932693504,1999650816,2129440768,92,1388
1790185150491,412.703125,399.078125,13.625,1932693504,1999650816,2129440768,92,1388
1790185151500,412.953125,399.296875,13.65625,1932795904,1999745024,2129440768,92,1388
1790185152505,412.96875,399.3125,13.65625,1932800000,2000801792,2129440768,92,1388
1790185153509,412.984375,399.3125,13.671875,1932935168,1999745024,2129440768,92,1388
1790185154519,413.203125,399.5,13.703125,1932972032,1999810560,2129440768,93,1391
1790185155531,413.234375,399.5,13.734375,1932972032,1999810560,2129440768,93,1391
1790185156541,413.28125,399.5,13.78125,1932939264,1999745024,2129440768,92,1388
1790185157548,413.3125,399.5,13.8125,1932939264,1999745024,2129440768,92,1388
1790185158557,413.359375,399.515625,13.84375,1933295616,2000171008,2129440768,92,1388
1790185159566,413.40625,399.515625,13.890625,1933332480,2000240640,2129440768,93,1391
1790185160575,413.453125,399.53125,13.921875,1933295616,2000171008,2129440768,92,1388
1790185161584,413.625,399.640625,13.984375,1933365248,2000302080,2129440768,94,1394
1790185162589,413.9375,399.90625,14.03125,1933299712,2000171008,2129440768,92,1389
1790185163598,413.984375,399.921875,14.0625,1933299712,2000171008,2129440768,92,1389
1790185164611,414.015625,399.921875,14.09375,1933299712,2000171008,2129440768,92,1389
1790185165619,414.078125,399.953125,14.125,1933705216,2000703488,2129440768,91,1385
1790185166625,414.140625,399.96875,14.171875,1933705216,2000703488,2129440768,91,1385
1790185167632,414.1875,400,14.1875,1933705216,2000703488,2129440768,91,1385
1790185168636,414.21875,400.015625,14.203125,1933705216,2000703488,2129440768,91,1385
1790185169640,414.25,400.015625,14.234375,1933705216,2000703488,2129440768,91,1385
1790185170656,414.28125,400.015625,14.265625,1933705216,2000703488,2129440768,91,1385
1790185171660,414.328125,400.03125,14.296875,1933705216,2000703488,2129440768,91,1385
1790185172666,414.578125,400.25,14.328125,1933733888,2000760832,2129440768,92,1388
1790185173673,414.625,400.265625,14.359375,1933709312,2000703488,2129440768,91,1385
1790185174678,414.671875,400.28125,14.390625,1933709312,2000703488,2129440768,91,1385
1790185175682,414.71875,400.296875,14.421875,1933709312,2000703488,2129440768,91,1385
1790185176696,415.0625,400.59375,14.46875,1946566656,2012573696,2129440768,91,1385
1790185177705,415.09375,400.609375,14.484375,1946566656,2012573696,2129440768,91,1385
1790185178713,415.125,400.609375,14.515625,1946566656,2012573696,2129440768,91,1385
1790185179724,415.171875,400.625,14.546875,1946693632,2012700672,2129440768,91,1385
1790185180732,415.203125,400.625,14.578125,1946693632,2012700672,2129440768,91,1385
1790185181741,415.25,400.625,14.625,1946693632,2012700672,2129440768,91,1385
1790185182749,415.484375,400.828125,14.65625,1946693632,2012700672,2129440768,91,1385
1790185183758,415.515625,400.828125,14.6875,1946693632,2012700672,2129440768,91,1385
1790185184762,415.5625,400.84375,14.71875,1946693632,2012700672,2129440768,91,1385
1790185185767,416,401.25,14.75,1946640384,2012618752,2129440768,90,1382
1790185186776,416.078125,401.28125,14.796875,1946640384,2012618752,2129440768,90,1382
1790185187783,416.125,401.296875,14.828125,1946640384,2012618752,2129440768,90,1382
1790185188786,416.171875,401.3125,14.859375,1946640384,2012618752,2129440768,90,1382
1790185189798,416.21875,401.328125,14.890625,1946640384,2012618752,2129440768,90,1382
1790185190805,416.25,401.328125,14.921875,1946574848,2013577216,2129440768,89,1379
1790185191813,416.265625,401.34375,14.921875,1946570752,2012520448,2129440768,89,1379
1790185192821,416.71875,401.765625,14.953125,1953738752,2019983360,2129440768,92,1388
1790185193830,416.78125,401.78125,15,1953710080,2019921920,2129440768,91,1385
1790185194838,416.84375,401.796875,15.046875,1953660928,2019844096,2129440768,90,1382
1790185195847,416.890625,401.8125,15.078125,1953619968,2019729408,2129440768,88,1377
1790185196855,416.921875,401.8125,15.109375,1953619968,2019729408,2129440768,88,1377
1790185197861,416.96875,401.8125,15.15625,1953619968,2019729408,2129440768,88,1377
1790185198866,417.203125,402.03125,15.171875,1954340864,2020450304,2129440768,88,1377
1790185199875,417.265625,402.078125,15.1875,1954304000,2020364288,2129440768,87,1373
1790185200881,417.296875,402.078125,15.21875,1954304000,2020364288,2129440768,87,1373
1790185201881,417.703125,402.453125,15.25,1954304000,2020364288,2129440768,87,1373
1790185202890,417.734375,402.453125,15.28125,1954304000,2020364288,2129440768,87,1373
1790185203901,417.78125,402.46875,15.3125,1954304000,2020364288,2129440768,87,1373
1790185204914,417.890625,402.546875,15.34375,1954668544,2020728832,2129440768,87,1373
1790185205923,417.9375,402.546875,15.390625,1954668544,2020728832,2129440768,87,1373
1790185206929,417.96875,402.546875,15.421875,1954668544,2020728832,2129440768,87,1373
1790185207935,418.015625,402.546875,15.46875,1954668544,2020728832,2129440768,87,1373
1790185208945,418.046875,402.546875,15.5,1954668544,2020728832,2129440768,87,1373
1790185209951,418.078125,402.5625,15.515625,1954668544,2020728832,2129440768,87,1373
1790185210959,418.515625,402.96875,15.546875,1954668544,2020728832,2129440768,87,1373
1790185211962,418.5625,402.96875,15.59375,1954668544,2020728832,2129440768,87,1373
1790185212966,418.609375,402.96875,15.640625,1954668544,2020728832,2129440768,87,1373
1790185213981,418.65625,402.984375,15.671875,1954668544,2020728832,2129440768,87,1373
1790185214990,418.71875,403,15.71875,1954668544,2020728832,2129440768,87,1373
1790185215999,418.78125,403.03125,15.75,1954668544,2020728832,2129440768,87,1373
1790185217004,418.875,403.078125,15.796875,1954992128,2021052416,2129440768,87,1373
1790185218016,418.9375,403.09375,15.84375,1954992128,2021052416,2129440768,87,1373
1790185219023,418.984375,403.109375,15.875,1954992128,2021052416,2129440768,87,1373
1790185220034,419.25,403.3125,15.9375,1954992128,2021052416,2129440768,87,1373
1790185221043,419.28125,403.3125,15.96875,1954992128,2021052416,2129440768,87,1373
1790185222051,419.328125,403.328125,16,1954992128,2021052416,2129440768,87,1373
1790185223052,419.375,403.34375,16.03125,1954992128,2021052416,2129440768,87,1373
1790185224053,419.421875,403.34375,16.078125,1954992128,2021052416,2129440768,87,1373
1790185225063,419.453125,403.359375,16.09375,1954992128,2021052416,2129440768,87,1373
1790185226068,419.859375,403.734375,16.125,1954992128,2021052416,2129440768,87,1373
1790185227076,419.90625,403.734375,16.171875,1954992128,2021052416,2129440768,87,1373
1790185228086,419.953125,403.734375,16.21875,1954992128,2021052416,2129440768,87,1373
1790185229093,420,403.765625,16.234375,1954992128,2021052416,2129440768,87,1373
1790185230099,420,403.765625,16.234375,1954992128,2021052416,2129440768,87,1373
1790185231103,420.046875,403.78125,16.265625,1955151872,2021212160,2129440768,87,1373
1790185232106,420.09375,403.796875,16.296875,1955151872,2021212160,2129440768,87,1373
1790185233111,420.125,403.796875,16.328125,1955151872,2021212160,2129440768,87,1373
1790185234119,420.34375,403.984375,16.359375,1955151872,2021212160,2129440768,87,1373
1790185235123,420.390625,404,16.390625,1955151872,2021212160,2129440768,87,1373
1790185236124,420.4375,404.015625,16.421875,1955151872,2021212160,2129440768,87,1373
1790185237131,420.484375,404.03125,16.453125,1955151872,2021212160,2129440768,87,1373
1790185238131,420.53125,404.046875,16.484375,1955151872,2021212160,2129440768,87,1373
1790185239141,420.59375,404.0625,16.53125,1955151872,2021212160,2129440768,87,1373
1790185240149,420.640625,404.078125,16.5625,1955151872,2021212160,2129440768,87,1373
1790185241157,420.6875,404.109375,16.578125,1955151872,2021212160,2129440768,87,1373
1790185242164,421.078125,404.46875,16.609375,1955151872,2021212160,2129440768,87,1373
1790185243176,421.125,404.5,16.625,1955540992,2021445632,2129440768,87,1373
1790185244182,421.453125,404.78125,16.671875,1956024320,2021974016,2129440768,89,1379
1790185245184,421.484375,404.78125,16.703125,1955975168,2021892096,2129440768,88,1376
1790185246193,421.515625,404.78125,16.734375,1955975168,2021892096,2129440768,88,1376
1790185247199,421.5625,404.78125,16.78125,1955905536,2021761024,2129440768,86,1371
1790185248206,421.609375,404.796875,16.8125,1955905536,2021761024,2129440768,86,1371
1790185249213,421.65625,404.796875,16.859375,1955905536,2021761024,2129440768,86,1371
1790185250216,421.6875,404.796875,16.890625,1955905536,2021761024,2129440768,86,1371
1790185251236,421.71875,404.796875,16.921875,1955811328,2021634048,2129440768,85,1367
1790185252239,421.9375,404.984375,16.953125,1955876864,2021634048,2129440768,85,1367
1790185253245,422.015625,405.015625,17,1955876864,2021634048,2129440768,85,1367
1790185254250,422.046875,405.015625,17.03125,1955876864,2021634048,2129440768,85,1367
1790185255258,422.453125,405.390625,17.0625,1955876864,2021634048,2129440768,85,1367
1790185256265,422.5,405.40625,17.09375,1955876864,2021634048,2129440768,85,1367
1790185257271,422.703125,405.578125,17.125,1955876864,2021634048,2129440768,85,1367
1790185258278,422.734375,405.578125,17.15625,1955876864,2021634048,2129440768,85,1367
1790185259284,422.78125,405.578125,17.203125,1955876864,2021634048,2129440768,85,1367
1790185260291,422.84375,405.59375,17.25,1955823616,2021552128,2129440768,84,1364
1790185261299,422.890625,405.625,17.265625,1955823616,2021552128,2129440768,84,1364
1790185262305,422.96875,405.65625,17.3125,1955823616,2021552128,2129440768,84,1364
1790185263312,423,405.65625,17.34375,1955823616,2021552128,2129440768,84,1364
1790185264321,423.0625,405.6875,17.375,1955823616,2021552128,2129440768,84,1364
1790185265324,423.109375,405.703125,17.40625,1955823616,2021552128,2129440768,84,1364
1790185266325,423.140625,405.703125,17.4375,1955823616,2021552128,2129440768,84,1364
1790185267330,427.640625,410.03125,17.609375,1964527616,2030931968,2129440768,90,1382
1790185268341,427.671875,410.03125,17.640625,1964576768,2030931968,2129440768,90,1382
1790185269357,428.3125,410.625,17.6875,1964359680,2030514176,2129440768,84,1365
1790185270378,428.359375,410.625,17.734375,1964359680,2030514176,2129440768,84,1365
1790185271385,434.625,416.609375,18.015625,1976164352,2041749504,2129440768,91,1386
1790185272394,443.0625,424.921875,18.140625,1971093504,2036391936,2129440768,88,1376
1790185273394,445.125,426.9375,18.1875,1970962432,2036133888,2129440768,84,1367
1790185274400,451.453125,433.109375,18.34375,1971068928,2036207616,2129440768,85,1367
1790185275404,451.53125,433.140625,18.390625,1971068928,2036207616,2129440768,85,1367
1790185276412,462.375,443.8125,18.5625,1979359232,2044723200,2129440768,85,1367
1790185277417,462.5,443.90625,18.59375,1971322880,2036244480,2129440768,85,1367
1790185278428,472.09375,453.140625,18.953125,1984110592,2050007040,2129440768,90,1382
1790185279433,474.71875,455.71875,19,1974452224,2039304192,2129440768,87,1373
1790185280442,474.890625,455.84375,19.046875,1974403072,2039193600,2129440768,85,1368
1790185281443,474.953125,455.875,19.078125,1974378496,2039140352,2129440768,84,1364
1790185282446,475,455.90625,19.09375,1974378496,2039140352,2129440768,84,1364
1790185283457,475.046875,455.90625,19.140625,1974378496,2039140352,2129440768,84,1364
1790185284464,475.0625,455.90625,19.15625,1974378496,2039140352,2129440768,84,1364
1790185285469,475.09375,455.90625,19.1875,1974378496,2039140352,2129440768,84,1364
1790185286477,475.15625,455.9375,19.21875,1974378496,2039140352,2129440768,84,1364
1790185287488,478.625,459.265625,19.359375,1989898240,2054737920,2129440768,85,1367
1790185288494,478.671875,459.265625,19.40625,1989857280,2054664192,2129440768,84,1364
1790185289499,480.0625,460.515625,19.546875,1993027584,2058629120,2129440768,89,1379
1790185290505,480.125,460.546875,19.578125,1992949760,2058522624,2129440768,88,1376
1790185291510,480.1875,460.578125,19.609375,1862950912,1936474112,2129440768,88,1376
1790185292524,480.21875,460.578125,19.640625,1863503872,1937702912,2129440768,87,1373
1790185293531,480.265625,460.59375,19.671875,1869684736,1943900160,2129440768,85,1368
1790185294535,480.3125,460.609375,19.703125,1869660160,1943842816,2129440768,84,1364
1790185295540,480.359375,460.625,19.734375,1869701120,1943842816,2129440768,84,1364
1790185296546,480.390625,460.640625,19.75,1869701120,1943842816,2129440768,84,1364
1790185297552,480.421875,460.640625,19.78125,1869701120,1943842816,2129440768,84,1364
1790185298560,480.453125,460.640625,19.8125,1869701120,1943842816,2129440768,84,1364
1790185299566,480.5,460.640625,19.859375,1869398016,1944391680,2129440768,73,1335
1790185300578,480.53125,460.640625,19.890625,1869398016,1944391680,2129440768,73,1335
1790185301585,480.5625,460.65625,19.90625,1856012288,1920225280,2129440768,73,1335
1790185302591,480.59375,460.671875,19.921875,1856638976,1921675264,2129440768,73,1335
1790185303598,480.640625,460.6875,19.953125,1856782336,1921712128,2129440768,74,1335
1790185304603,480.671875,460.6875,19.984375,1856794624,1921712128,2129440768,74,1335
1790185305613,480.75,460.734375,20.015625,1856987136,1921892352,2129440768,73,1328
1790185306615,480.78125,460.734375,20.046875,1857052672,1921892352,2129440768,73,1328
1790185307620,480.8125,460.734375,20.078125,1857052672,1921892352,2129440768,73,1328
1790185308626,480.859375,460.75,20.109375,1857052672,1921892352,2129440768,73,1328
1790185309633,480.90625,460.765625,20.140625,1857052672,1921892352,2129440768,73,1328
1790185310642,480.9375,460.765625,20.171875,1856958464,1921781760,2129440768,71,1324
1790185311647,481.015625,460.78125,20.234375,1856958464,1921781760,2129440768,71,1324
1790185312652,481.8125,461.328125,20.484375,1923792896,1992331264,2129440768,81,1354
1790185313660,482.578125,461.984375,20.59375,1940406272,2006851584,2129440768,83,1360
1790185314661,482.625,461.984375,20.640625,1940406272,2006851584,2129440768,83,1360
1790185315662,482.65625,462,20.65625,1940406272,2006851584,2129440768,83,1360
1790185316678,482.703125,462.015625,20.6875,1940406272,2006851584,2129440768,83,1360
1790185317683,482.734375,462.015625,20.71875,1940406272,2006851584,2129440768,83,1360
1790185318692,482.765625,462.03125,20.734375,1940279296,2006609920,2129440768,79,1351
1790185319702,482.796875,462.03125,20.765625,1940123648,2006368256,2129440768,76,1341
1790185320713,482.84375,462.046875,20.796875,1940082688,2006298624,2129440768,75,1336
1790185321721,482.890625,462.046875,20.84375,1940082688,2006298624,2129440768,75,1336
1790185322728,482.921875,462.0625,20.859375,1939959808,2006085632,2129440768,72,1329
1790185323738,482.953125,462.0625,20.890625,1939959808,2006085632,2129440768,72,1329
1790185324747,482.984375,462.0625,20.921875,1939959808,2006085632,2129440768,72,1329
1790185325757,483.03125,462.09375,20.9375,1939959808,2006085632,2129440768,72,1329
1790185326758,483.078125,462.125,20.953125,1939959808,2006085632,2129440768,72,1329
1790185327766,483.125,462.125,21,1939959808,2006085632,2129440768,72,1329
1790185328773,483.171875,462.125,21.046875,1939959808,2006085632,2129440768,72,1329
1790185329784,483.203125,462.125,21.078125,1939959808,2006085632,2129440768,72,1329
1790185330787,483.265625,462.140625,21.125,1939959808,2006085632,2129440768,72,1329
1790185331796,483.3125,462.140625,21.171875,1939959808,2006085632,2129440768,72,1329
1790185332803,483.46875,462.28125,21.1875,1946652672,2011996160,2129440768,73,1332
1790185333809,483.5,462.296875,21.203125,1946615808,2011930624,2129440768,72,1327
1790185334820,483.53125,462.296875,21.234375,1946615808,2011930624,2129440768,72,1327
1790185335830,483.5625,462.296875,21.265625,1946615808,2011930624,2129440768,72,1327
1790185336835,483.625,462.3125,21.3125,1946615808,2011930624,2129440768,72,1327
1790185337843,483.671875,462.3125,21.359375,1946615808,2011930624,2129440768,72,1327
1790185338849,483.703125,462.3125,21.390625,1946615808,2011930624,2129440768,72,1327
1790185339855,483.734375,462.328125,21.40625,1946628096,2011930624,2129440768,72,1327
1790185340864,483.75,462.328125,21.421875,1946628096,2011930624,2129440768,72,1327
1790185341864,483.78125,462.328125,21.453125,1946628096,2011930624,2129440768,72,1327
1790185342877,483.828125,462.328125,21.5,1946628096,2011930624,2129440768,72,1327
1790185343887,483.859375,462.328125,21.53125,1946628096,2011930624,2129440768,72,1327
1790185344895,483.90625,462.34375,21.5625,1946628096,2011930624,2129440768,72,1327
1790185345905,484.015625,462.40625,21.609375,1947078656,2012381184,2129440768,72,1327
1790185346913,484.046875,462.40625,21.640625,1947078656,2012381184,2129440768,72,1327
1790185347927,484.078125,462.40625,21.671875,1947078656,2012381184,2129440768,72,1327
1790185348931,484.109375,462.421875,21.6875,1947078656,2012381184,2129440768,72,1327
1790185349938,484.15625,462.453125,21.703125,1947078656,2012381184,2129440768,72,1327
1790185350947,484.203125,462.453125,21.75,1947078656,2012381184,2129440768,72,1327
1790185351955,484.234375,462.453125,21.78125,1947078656,2012381184,2129440768,72,1327
1790185352961,484.28125,462.453125,21.828125,1947078656,2012381184,2129440768,72,1327
1790185353963,484.3125,462.46875,21.84375,1947078656,2012381184,2129440768,72,1327
1790185354968,484.359375,462.484375,21.875,1947078656,2012381184,2129440768,72,1327
1790185355979,484.390625,462.484375,21.90625,1947078656,2012381184,2129440768,72,1327
1790185356985,484.421875,462.484375,21.9375,1947078656,2012381184,2129440768,72,1327
1790185357992,484.453125,462.484375,21.96875,1947078656,2012381184,2129440768,72,1327
1790185358998,484.484375,462.484375,22,1947078656,2012381184,2129440768,72,1327
1790185360007,484.515625,462.484375,22.03125,1947078656,2012381184,2129440768,72,1327
1790185361012,484.546875,462.484375,22.0625,1947078656,2012381184,2129440768,72,1327
1790185362028,484.578125,462.484375,22.09375,1947078656,2012381184,2129440768,72,1327
1790185363037,484.640625,462.484375,22.15625,1947078656,2012381184,2129440768,72,1327
1790185364045,484.703125,462.53125,22.171875,1947078656,2012381184,2129440768,72,1327
1790185365051,484.75,462.546875,22.203125,1947029504,2012303360,2129440768,71,1324
1790185366059,484.78125,462.546875,22.234375,1947029504,2012303360,2129440768,71,1324
1790185367068,484.8125,462.546875,22.265625,1947029504,2012303360,2129440768,71,1324
1790185368082,484.84375,462.546875,22.296875,1947029504,2012303360,2129440768,71,1324
1790185369087,484.890625,462.5625,22.328125,1947029504,2012303360,2129440768,71,1324
1790185370096,484.921875,462.5625,22.359375,1947029504,2012303360,2129440768,71,1324
1790185371103,484.96875,462.5625,22.40625,1947029504,2012303360,2129440768,71,1324
1790185372110,485,462.5625,22.4375,1947029504,2012303360,2129440768,71,1324
1790185373117,485.078125,462.59375,22.484375,1947377664,2012119040,2129440768,69,1318
1790185374125,485.109375,462.59375,22.515625,1947377664,2012119040,2129440768,69,1318
1790185375141,485.1875,462.625,22.5625,1947377664,2012119040,2129440768,69,1318
1790185376144,485.234375,462.640625,22.59375,1947377664,2012119040,2129440768,69,1318
1790185377149,485.28125,462.640625,22.640625,1947377664,2012119040,2129440768,69,1318
1790185378159,485.296875,462.640625,22.65625,1947377664,2012119040,2129440768,69,1318
1790185379163,485.3125,462.640625,22.671875,1947377664,2012119040,2129440768,69,1318
1790185380171,485.34375,462.640625,22.703125,1947320320,2012028928,2129440768,68,1315
1790185381177,485.375,462.640625,22.734375,1947320320,2012028928,2129440768,68,1315
1790185382186,485.40625,462.640625,22.765625,1947320320,2012028928,2129440768,68,1315
1790185383197,485.484375,462.640625,22.84375,1947332608,2012028928,2129440768,68,1315
