node,pressure_ref_Pa,pressure_rel,temperature_dK,mass_rel,hc_moles_rel,liquid_volume_rel,water_volume_rel,vapor_volume_rel,kappa_eos_per_Pa,pressure_term,anchor_term,first_order_liquid_rel,exact_formulation_rel,check_residual_of_deviation,water_kappa_per_Pa,water_first_order_rel
1,150647.264202,1.6338e-07,3.8942e-06,2.8084e-05,2.8084e-05,1.0247e-03,-9.3158e-04,-4.5532e-05,1.2439e-09,4.5105e-04,5.9169e-04,1.0708e-03,9.8886e-04,0.0451,4.5653e-10,-1.0051e-03
2,150503.865595,2.2596e-07,4.3409e-06,2.8313e-05,2.8313e-05,1.0249e-03,-9.3113e-04,-4.5438e-05,1.2438e-09,4.5096e-04,5.9179e-04,1.0711e-03,9.8887e-04,0.0450,4.5653e-10,-1.0051e-03
3,150124.400959,2.1803e-08,5.7097e-07,2.8376e-05,2.8376e-05,1.0250e-03,-9.3076e-04,-4.5166e-05,1.2436e-09,4.5070e-04,5.9204e-04,1.0712e-03,9.8886e-04,0.0450,4.5656e-10,-1.0053e-03
4,149703.735019,-1.4731e-07,-2.9521e-06,2.8537e-05,2.8537e-05,1.0252e-03,-9.3019e-04,-4.4867e-05,1.2434e-09,4.5044e-04,5.9233e-04,1.0713e-03,9.8886e-04,0.0450,4.5658e-10,-1.0055e-03
5,149517.957462,-2.8123e-07,-6.0395e-06,2.8579e-05,2.8579e-05,1.0254e-03,-9.2984e-04,-4.4718e-05,1.2434e-09,4.5048e-04,5.9249e-04,1.0716e-03,9.8905e-04,0.0450,4.5661e-10,-1.0055e-03
6,149518.525611,-2.7665e-07,-5.9502e-06,2.8583e-05,2.8583e-05,1.0254e-03,-9.2984e-04,-4.4719e-05,1.2434e-09,4.5048e-04,5.9249e-04,1.0716e-03,9.8905e-04,0.0450,4.5661e-10,-1.0055e-03
7,149708.810871,-1.2738e-07,-2.6321e-06,2.8558e-05,2.8558e-05,1.0252e-03,-9.3017e-04,-4.4872e-05,1.2434e-09,4.5043e-04,5.9232e-04,1.0713e-03,9.8885e-04,0.0450,4.5658e-10,-1.0055e-03
8,150118.849488,7.3586e-08,1.3834e-06,2.8446e-05,2.8446e-05,1.0250e-03,-9.3068e-04,-4.5168e-05,1.2436e-09,4.5067e-04,5.9204e-04,1.0712e-03,9.8882e-04,0.0450,4.5655e-10,-1.0053e-03
9,150439.528500,1.3917e-07,3.4966e-06,2.8206e-05,2.8206e-05,1.0247e-03,-9.3134e-04,-4.5398e-05,1.2437e-09,4.5079e-04,5.9181e-04,1.0708e-03,9.8872e-04,0.0451,4.5653e-10,-1.0052e-03
10,150469.864552,1.9276e-07,5.1282e-06,2.8187e-05,2.8187e-05,1.0244e-03,-9.3154e-04,-4.5438e-05,1.2436e-09,4.5061e-04,5.9175e-04,1.0706e-03,9.8849e-04,0.0451,4.5651e-10,-1.0052e-03
11,150430.529971,3.0358e-07,5.6959e-06,2.8454e-05,2.8454e-05,1.0249e-03,-9.3097e-04,-4.5402e-05,1.2437e-09,4.5079e-04,5.9181e-04,1.0711e-03,9.8873e-04,0.0450,4.5653e-10,-1.0052e-03
12,150098.008703,7.9943e-08,1.4144e-06,2.8475e-05,2.8475e-05,1.0251e-03,-9.3062e-04,-4.5154e-05,1.2436e-09,4.5066e-04,5.9205e-04,1.0712e-03,9.8882e-04,0.0450,4.5655e-10,-1.0053e-03
13,149693.612363,-1.3965e-07,-2.8684e-06,2.8557e-05,2.8557e-05,1.0252e-03,-9.3015e-04,-4.4861e-05,1.2434e-09,4.5043e-04,5.9234e-04,1.0713e-03,9.8886e-04,0.0450,4.5658e-10,-1.0055e-03
14,149516.945167,-2.8312e-07,-6.0884e-06,2.8579e-05,2.8579e-05,1.0254e-03,-9.2983e-04,-4.4717e-05,1.2434e-09,4.5049e-04,5.9249e-04,1.0716e-03,9.8906e-04,0.0450,4.5661e-10,-1.0055e-03
15,149519.217478,-2.7091e-07,-5.8439e-06,2.8589e-05,2.8589e-05,1.0254e-03,-9.2983e-04,-4.4721e-05,1.2434e-09,4.5047e-04,5.9248e-04,1.0716e-03,9.8904e-04,0.0450,4.5660e-10,-1.0055e-03
16,149716.575884,-1.2143e-07,-2.5163e-06,2.8558e-05,2.8558e-05,1.0252e-03,-9.3017e-04,-4.4878e-05,1.2434e-09,4.5043e-04,5.9232e-04,1.0713e-03,9.8885e-04,0.0450,4.5658e-10,-1.0055e-03
17,150129.082359,6.7972e-08,1.3349e-06,2.8429e-05,2.8429e-05,1.0250e-03,-9.3071e-04,-4.5175e-05,1.2436e-09,4.5068e-04,5.9203e-04,1.0712e-03,9.8882e-04,0.0450,4.5655e-10,-1.0053e-03
18,150443.241673,9.7121e-08,2.9504e-06,2.8140e-05,2.8140e-05,1.0246e-03,-9.3144e-04,-4.5398e-05,1.2437e-09,4.5079e-04,5.9180e-04,1.0708e-03,9.8872e-04,0.0451,4.5653e-10,-1.0052e-03
19,150471.063311,1.8462e-07,5.0087e-06,2.8175e-05,2.8175e-05,1.0244e-03,-9.3155e-04,-4.5438e-05,1.2436e-09,4.5061e-04,5.9175e-04,1.0706e-03,9.8850e-04,0.0451,4.5651e-10,-1.0052e-03
20,150425.163352,3.6141e-07,6.4635e-06,2.8543e-05,2.8543e-05,1.0250e-03,-9.3083e-04,-4.5402e-05,1.2437e-09,4.5079e-04,5.9182e-04,1.0712e-03,9.8874e-04,0.0450,4.5653e-10,-1.0052e-03
21,150087.464967,7.8716e-08,1.3696e-06,2.8484e-05,2.8484e-05,1.0251e-03,-9.3060e-04,-4.5147e-05,1.2436e-09,4.5065e-04,5.9206e-04,1.0712e-03,9.8882e-04,0.0450,4.5656e-10,-1.0053e-03
22,149686.248237,-1.4636e-07,-2.9946e-06,2.8555e-05,2.8555e-05,1.0252e-03,-9.3014e-04,-4.4855e-05,1.2434e-09,4.5043e-04,5.9234e-04,1.0714e-03,9.8886e-04,0.0450,4.5658e-10,-1.0055e-03
23,149516.418409,-2.8704e-07,-6.1663e-06,2.8576e-05,2.8576e-05,1.0254e-03,-9.2983e-04,-4.4716e-05,1.2434e-09,4.5049e-04,5.9249e-04,1.0716e-03,9.8906e-04,0.0450,4.5661e-10,-1.0055e-03
24,149520.204870,-2.6671e-07,-5.7591e-06,2.8592e-05,2.8592e-05,1.0254e-03,-9.2983e-04,-4.4722e-05,1.2434e-09,4.5047e-04,5.9248e-04,1.0716e-03,9.8903e-04,0.0450,4.5660e-10,-1.0055e-03
25,149724.492797,-1.1602e-07,-2.4082e-06,2.8557e-05,2.8557e-05,1.0252e-03,-9.3018e-04,-4.4884e-05,1.2434e-09,4.5044e-04,5.9231e-04,1.0713e-03,9.8885e-04,0.0450,4.5658e-10,-1.0055e-03
26,150139.178488,6.3853e-08,1.3074e-06,2.8413e-05,2.8413e-05,1.0250e-03,-9.3074e-04,-4.5181e-05,1.2436e-09,4.5068e-04,5.9203e-04,1.0712e-03,9.8882e-04,0.0450,4.5655e-10,-1.0053e-03
27,150446.756981,8.2385e-08,2.7791e-06,2.8114e-05,2.8114e-05,1.0246e-03,-9.3148e-04,-4.5400e-05,1.2437e-09,4.5079e-04,5.9180e-04,1.0707e-03,9.8871e-04,0.0451,4.5653e-10,-1.0052e-03
28,150472.580199,1.7094e-07,4.8102e-06,2.8155e-05,2.8155e-05,1.0244e-03,-9.3158e-04,-4.5438e-05,1.2436e-09,4.5062e-04,5.9175e-04,1.0706e-03,9.8850e-04,0.0451,4.5651e-10,-1.0052e-03
29,150419.355483,3.9864e-07,6.9495e-06,2.8603e-05,2.8603e-05,1.0251e-03,-9.3074e-04,-4.5401e-05,1.2437e-09,4.5079e-04,5.9182e-04,1.0712e-03,9.8874e-04,0.0450,4.5653e-10,-1.0052e-03
30,150076.872430,7.5488e-08,1.2974e-06,2.8489e-05,2.8489e-05,1.0251e-03,-9.3058e-04,-4.5139e-05,1.2436e-09,4.5064e-04,5.9207e-04,1.0712e-03,9.8882e-04,0.0450,4.5656e-10,-1.0053e-03
31,149679.037725,-1.5280e-07,-3.1171e-06,2.8554e-05,2.8554e-05,1.0252e-03,-9.3014e-04,-4.4849e-05,1.2434e-09,4.5042e-04,5.9235e-04,1.0714e-03,9.8887e-04,0.0450,4.5658e-10,-1.0055e-03
32,149516.006144,-2.9083e-07,-6.2415e-06,2.8572e-05,2.8572e-05,1.0254e-03,-9.2983e-04,-4.4715e-05,1.2434e-09,4.5050e-04,5.9249e-04,1.0716e-03,9.8907e-04,0.0450,4.5661e-10,-1.0055e-03
33,149521.306523,-2.6247e-07,-5.6731e-06,2.8595e-05,2.8595e-05,1.0254e-03,-9.2984e-04,-4.4723e-05,1.2434e-09,4.5046e-04,5.9248e-04,1.0716e-03,9.8903e-04,0.0450,4.5660e-10,-1.0055e-03
34,149732.531042,-1.1118e-07,-2.3080e-06,2.8556e-05,2.8556e-05,1.0252e-03,-9.3019e-04,-4.4890e-05,1.2434e-09,4.5044e-04,5.9231e-04,1.0713e-03,9.8884e-04,0.0450,4.5658e-10,-1.0055e-03
35,150149.136140,6.1441e-08,1.3036e-06,2.8400e-05,2.8400e-05,1.0250e-03,-9.3077e-04,-4.5188e-05,1.2436e-09,4.5069e-04,5.9202e-04,1.0711e-03,9.8882e-04,0.0450,4.5655e-10,-1.0053e-03
36,150450.145712,7.9578e-08,2.7711e-06,2.8105e-05,2.8105e-05,1.0245e-03,-9.3150e-04,-4.5402e-05,1.2437e-09,4.5078e-04,5.9180e-04,1.0707e-03,9.8871e-04,0.0451,4.5653e-10,-1.0052e-03
37,150474.232752,1.6035e-07,4.6524e-06,2.8140e-05,2.8140e-05,1.0244e-03,-9.3160e-04,-4.5438e-05,1.2436e-09,4.5062e-04,5.9175e-04,1.0705e-03,9.8851e-04,0.0451,4.5651e-10,-1.0052e-03
38,150413.197873,4.2085e-07,7.2299e-06,2.8642e-05,2.8642e-05,1.0251e-03,-9.3068e-04,-4.5398e-05,1.2437e-09,4.5079e-04,5.9183e-04,1.0713e-03,9.8874e-04,0.0450,4.5653e-10,-1.0052e-03
39,150066.241229,7.0673e-08,1.2034e-06,2.8492e-05,2.8492e-05,1.0251e-03,-9.3057e-04,-4.5132e-05,1.2436e-09,4.5064e-04,5.9207e-04,1.0712e-03,9.8882e-04,0.0450,4.5656e-10,-1.0053e-03
40,149671.964894,-1.6468e-07,-3.3149e-06,2.8545e-05,2.8545e-05,1.0252e-03,-9.3014e-04,-4.4843e-05,1.2434e-09,4.5042e-04,5.9235e-04,1.0713e-03,9.8887e-04,0.0450,4.5658e-10,-1.0055e-03
41,149515.711558,-2.8904e-07,-6.2388e-06,2.8577e-05,2.8577e-05,1.0255e-03,-9.2982e-04,-4.4715e-05,1.2435e-09,4.5050e-04,5.9249e-04,1.0716e-03,9.8908e-04,0.0450,4.5661e-10,-1.0055e-03
42,149522.523739,-2.5763e-07,-5.5781e-06,2.8599e-05,2.8599e-05,1.0254e-03,-9.2984e-04,-4.4725e-05,1.2434e-09,4.5046e-04,5.9248e-04,1.0716e-03,9.8902e-04,0.0450,4.5660e-10,-1.0055e-03
43,149740.699845,-1.0694e-07,-2.2162e-06,2.8553e-05,2.8553e-05,1.0252e-03,-9.3021e-04,-4.4896e-05,1.2434e-09,4.5044e-04,5.9230e-04,1.0713e-03,9.8884e-04,0.0450,4.5658e-10,-1.0055e-03
44,150158.962205,6.0709e-08,1.3231e-06,2.8389e-05,2.8389e-05,1.0250e-03,-9.3079e-04,-4.5195e-05,1.2436e-09,4.5070e-04,5.9201e-04,1.0711e-03,9.8882e-04,0.0450,4.5655e-10,-1.0053e-03
45,150453.418172,8.3477e-08,2.8546e-06,2.8106e-05,2.8106e-05,1.0245e-03,-9.3151e-04,-4.5405e-05,1.2437e-09,4.5078e-04,5.9179e-04,1.0707e-03,9.8870e-04,0.0451,4.5652e-10,-1.0052e-03
46,150475.922204,1.5392e-07,4.5501e-06,2.8130e-05,2.8130e-05,1.0244e-03,-9.3161e-04,-4.5438e-05,1.2436e-09,4.5063e-04,5.9175e-04,1.0705e-03,9.8851e-04,0.0451,4.5651e-10,-1.0052e-03
47,150406.769547,4.3151e-07,7.3522e-06,2.8664e-05,2.8664e-05,1.0252e-03,-9.3064e-04,-4.5394e-05,1.2437e-09,4.5079e-04,5.9183e-04,1.0713e-03,9.8874e-04,0.0450,4.5653e-10,-1.0052e-03
48,150055.584081,6.4099e-08,1.0852e-06,2.8493e-05,2.8493e-05,1.0251e-03,-9.3056e-04,-4.5124e-05,1.2436e-09,4.5063e-04,5.9208e-04,1.0712e-03,9.8882e-04,0.0450,4.5656e-10,-1.0053e-03
49,149664.990739,-1.8697e-07,-3.6568e-06,2.8520e-05,2.8520e-05,1.0252e-03,-9.3017e-04,-4.4837e-05,1.2434e-09,4.5042e-04,5.9236e-04,1.0713e-03,9.8887e-04,0.0450,4.5658e-10,-1.0055e-03
50,149515.566959,-2.7831e-07,-6.1117e-06,2.8594e-05,2.8594e-05,1.0255e-03,-9.2979e-04,-4.4715e-05,1.2435e-09,4.5051e-04,5.9249e-04,1.0716e-03,9.8908e-04,0.0450,4.5661e-10,-1.0055e-03
51,149523.861585,-2.5046e-07,-5.4502e-06,2.8606e-05,2.8606e-05,1.0254e-03,-9.2983e-04,-4.4727e-05,1.2434e-09,4.5045e-04,5.9248e-04,1.0716e-03,9.8901e-04,0.0450,4.5660e-10,-1.0055e-03
52,149748.999420,-1.0289e-07,-2.1270e-06,2.8550e-05,2.8550e-05,1.0252e-03,-9.3022e-04,-4.4902e-05,1.2435e-09,4.5045e-04,5.9229e-04,1.0713e-03,9.8884e-04,0.0450,4.5658e-10,-1.0055e-03
53,150168.656115,6.1721e-08,1.3668e-06,2.8381e-05,2.8381e-05,1.0250e-03,-9.3081e-04,-4.5201e-05,1.2436e-09,4.5070e-04,5.9200e-04,1.0711e-03,9.8882e-04,0.0450,4.5655e-10,-1.0053e-03
54,150456.564578,9.1876e-08,2.9994e-06,2.8113e-05,2.8113e-05,1.0245e-03,-9.3150e-04,-4.5409e-05,1.2437e-09,4.5078e-04,5.9179e-04,1.0707e-03,9.8869e-04,0.0451,4.5652e-10,-1.0052e-03
55,150477.582702,1.5178e-07,4.5056e-06,2.8127e-05,2.8127e-05,1.0244e-03,-9.3161e-04,-4.5439e-05,1.2436e-09,4.5063e-04,5.9175e-04,1.0705e-03,9.8852e-04,0.0451,4.5651e-10,-1.0052e-03
56,150400.137712,4.3255e-07,7.3426e-06,2.8672e-05,2.8672e-05,1.0252e-03,-9.3062e-04,-4.5389e-05,1.2437e-09,4.5078e-04,5.9184e-04,1.0713e-03,9.8875e-04,0.0450,4.5653e-10,-1.0052e-03
57,150044.913112,5.5462e-08,9.3849e-07,2.8490e-05,2.8490e-05,1.0251e-03,-9.3056e-04,-4.5116e-05,1.2436e-09,4.5062e-04,5.9209e-04,1.0712e-03,9.8882e-04,0.0450,4.5656e-10,-1.0053e-03
58,149658.076995,-2.1636e-07,-4.0968e-06,2.8486e-05,2.8486e-05,1.0251e-03,-9.3021e-04,-4.4830e-05,1.2434e-09,4.5042e-04,5.9236e-04,1.0713e-03,9.8888e-04,0.0450,4.5658e-10,-1.0055e-03
59,149515.601886,-2.6290e-07,-5.9194e-06,2.8618e-05,2.8618e-05,1.0255e-03,-9.2976e-04,-4.4715e-05,1.2435e-09,4.5051e-04,5.9249e-04,1.0717e-03,9.8909e-04,0.0450,4.5661e-10,-1.0055e-03
60,149525.331837,-2.3982e-07,-5.2735e-06,2.8618e-05,2.8618e-05,1.0254e-03,-9.2982e-04,-4.4729e-05,1.2434e-09,4.5045e-04,5.9247e-04,1.0716e-03,9.8901e-04,0.0450,4.5660e-10,-1.0055e-03
61,149757.426858,-9.8796e-08,-2.0375e-06,2.8547e-05,2.8547e-05,1.0252e-03,-9.3023e-04,-4.4909e-05,1.2435e-09,4.5045e-04,5.9229e-04,1.0713e-03,9.8883e-04,0.0450,4.5658e-10,-1.0055e-03
62,150178.213070,6.4308e-08,1.4324e-06,2.8375e-05,2.8375e-05,1.0250e-03,-9.3083e-04,-4.5208e-05,1.2436e-09,4.5071e-04,5.9200e-04,1.0711e-03,9.8882e-04,0.0450,4.5655e-10,-1.0053e-03
63,150459.565719,1.0384e-07,3.1928e-06,2.8126e-05,2.8126e-05,1.0245e-03,-9.3149e-04,-4.5412e-05,1.2437e-09,4.5077e-04,5.9179e-04,1.0707e-03,9.8869e-04,0.0451,4.5652e-10,-1.0052e-03
64,150479.163119,1.5379e-07,4.5173e-06,2.8130e-05,2.8130e-05,1.0244e-03,-9.3161e-04,-4.5439e-05,1.2437e-09,4.5064e-04,5.9175e-04,1.0705e-03,9.8852e-04,0.0451,4.5651e-10,-1.0052e-03
65,150393.364166,4.2506e-07,7.2156e-06,2.8668e-05,2.8668e-05,1.0252e-03,-9.3062e-04,-4.5384e-05,1.2437e-09,4.5078e-04,5.9184e-04,1.0713e-03,9.8875e-04,0.0450,4.5653e-10,-1.0052e-03
66,150034.239946,4.4773e-08,7.6343e-07,2.8485e-05,2.8485e-05,1.0251e-03,-9.3056e-04,-4.5108e-05,1.2436e-09,4.5061e-04,5.9210e-04,1.0712e-03,9.8882e-04,0.0450,4.5656e-10,-1.0053e-03
67,149651.199870,-2.4878e-07,-4.5784e-06,2.8447e-05,2.8447e-05,1.0251e-03,-9.3026e-04,-4.4823e-05,1.2434e-09,4.5042e-04,5.9237e-04,1.0713e-03,9.8888e-04,0.0450,4.5659e-10,-1.0055e-03
68,149515.829432,-2.4642e-07,-5.7117e-06,2.8643e-05,2.8643e-05,1.0255e-03,-9.2972e-04,-4.4716e-05,1.2435e-09,4.5052e-04,5.9249e-04,1.0717e-03,9.8909e-04,0.0450,4.5661e-10,-1.0055e-03
69,149526.949360,-2.2614e-07,-5.0542e-06,2.8634e-05,2.8634e-05,1.0254e-03,-9.2980e-04,-4.4731e-05,1.2434e-09,4.5044e-04,5.9247e-04,1.0716e-03,9.8900e-04,0.0450,4.5660e-10,-1.0055e-03
70,149765.978816,-9.4830e-08,-1.9499e-06,2.8544e-05,2.8544e-05,1.0252e-03,-9.3025e-04,-4.4915e-05,1.2435e-09,4.5045e-04,5.9228e-04,1.0713e-03,9.8883e-04,0.0450,4.5657e-10,-1.0055e-03
71,150187.624892,6.7749e-08,1.5100e-06,2.8371e-05,2.8371e-05,1.0249e-03,-9.3084e-04,-4.5215e-05,1.2437e-09,4.5071e-04,5.9199e-04,1.0711e-03,9.8882e-04,0.0450,4.5655e-10,-1.0053e-03
72,150462.395869,1.1902e-07,3.4300e-06,2.8143e-05,2.8143e-05,1.0246e-03,-9.3147e-04,-4.5415e-05,1.2437e-09,4.5077e-04,5.9179e-04,1.0707e-03,9.8868e-04,0.0451,4.5652e-10,-1.0052e-03
73,150480.618000,1.6002e-07,4.5863e-06,2.8140e-05,2.8140e-05,1.0244e-03,-9.3159e-04,-4.5440e-05,1.2437e-09,4.5065e-04,5.9175e-04,1.0706e-03,9.8853e-04,0.0451,4.5651e-10,-1.0052e-03
74,150386.511743,4.0985e-07,6.9823e-06,2.8653e-05,2.8653e-05,1.0252e-03,-9.3063e-04,-4.5378e-05,1.2437e-09,4.5078e-04,5.9185e-04,1.0713e-03,9.8875e-04,0.0450,4.5653e-10,-1.0052e-03
75,150023.577992,3.2122e-08,5.6113e-07,2.8477e-05,2.8477e-05,1.0251e-03,-9.3056e-04,-4.5100e-05,1.2436e-09,4.5061e-04,5.9210e-04,1.0712e-03,9.8882e-04,0.0450,4.5656e-10,-1.0054e-03
76,149644.345541,-2.8307e-07,-5.0854e-06,2.8405e-05,2.8405e-05,1.0251e-03,-9.3031e-04,-4.4816e-05,1.2434e-09,4.5042e-04,5.9237e-04,1.0712e-03,9.8888e-04,0.0450,4.5659e-10,-1.0055e-03
77,149516.254395,-2.2954e-07,-5.4982e-06,2.8669e-05,2.8669e-05,1.0256e-03,-9.2967e-04,-4.4717e-05,1.2435e-09,4.5052e-04,5.9250e-04,1.0717e-03,9.8910e-04,0.0450,4.5661e-10,-1.0055e-03
78,149528.728549,-2.0961e-07,-4.7947e-06,2.8654e-05,2.8654e-05,1.0254e-03,-9.2978e-04,-4.4734e-05,1.2434e-09,4.5044e-04,5.9247e-04,1.0716e-03,9.8899e-04,0.0450,4.5660e-10,-1.0055e-03
79,149774.653984,-9.0716e-08,-1.8602e-06,2.8541e-05,2.8541e-05,1.0252e-03,-9.3026e-04,-4.4921e-05,1.2435e-09,4.5046e-04,5.9227e-04,1.0713e-03,9.8883e-04,0.0450,4.5657e-10,-1.0055e-03
80,150196.885579,7.1967e-08,1.5985e-06,2.8368e-05,2.8368e-05,1.0249e-03,-9.3086e-04,-4.5222e-05,1.2437e-09,4.5072e-04,5.9199e-04,1.0711e-03,9.8882e-04,0.0450,4.5655e-10,-1.0053e-03
81,150465.028380,1.3707e-07,3.7065e-06,2.8165e-05,2.8165e-05,1.0246e-03,-9.3145e-04,-4.5419e-05,1.2437e-09,4.5077e-04,5.9178e-04,1.0707e-03,9.8868e-04,0.0451,4.5652e-10,-1.0052e-03
82,150481.906687,1.7024e-07,4.7096e-06,2.8155e-05,2.8155e-05,1.0244e-03,-9.3157e-04,-4.5442e-05,1.2437e-09,4.5065e-04,5.9175e-04,1.0706e-03,9.8853e-04,0.0451,4.5651e-10,-1.0052e-03
83,150379.637547,3.8727e-07,6.6470e-06,2.8628e-05,2.8628e-05,1.0251e-03,-9.3066e-04,-4.5372e-05,1.2437e-09,4.5078e-04,5.9185e-04,1.0713e-03,9.8875e-04,0.0450,4.5653e-10,-1.0052e-03
84,150012.937885,1.7868e-08,3.3652e-07,2.8467e-05,2.8467e-05,1.0251e-03,-9.3057e-04,-4.5092e-05,1.2436e-09,4.5060e-04,5.9211e-04,1.0712e-03,9.8882e-04,0.0450,4.5656e-10,-1.0054e-03
85,149637.503158,-3.1653e-07,-5.5802e-06,2.8364e-05,2.8364e-05,1.0250e-03,-9.3036e-04,-4.4809e-05,1.2434e-09,4.5042e-04,5.9238e-04,1.0712e-03,9.8889e-04,0.0450,4.5659e-10,-1.0055e-03
86,149516.879458,-2.1357e-07,-5.2967e-06,2.8693e-05,2.8693e-05,1.0256e-03,-9.2964e-04,-4.4718e-05,1.2435e-09,4.5053e-04,5.9250e-04,1.0717e-03,9.8910e-04,0.0450,4.5661e-10,-1.0055e-03
87,149530.683672,-1.9160e-07,-4.5146e-06,2.8676e-05,2.8676e-05,1.0255e-03,-9.2975e-04,-4.4737e-05,1.2434e-09,4.5043e-04,5.9247e-04,1.0716e-03,9.8899e-04,0.0450,4.5660e-10,-1.0055e-03
88,149783.455217,-8.6556e-08,-1.7702e-06,2.8538e-05,2.8538e-05,1.0251e-03,-9.3027e-04,-4.4928e-05,1.2435e-09,4.5046e-04,5.9227e-04,1.0713e-03,9.8883e-04,0.0450,4.5657e-10,-1.0055e-03
89,150205.998220,7.6431e-08,1.6906e-06,2.8365e-05,2.8365e-05,1.0249e-03,-9.3087e-04,-4.5228e-05,1.2437e-09,4.5072e-04,5.9198e-04,1.0711e-03,9.8881e-04,0.0450,4.5655e-10,-1.0053e-03
90,150467.453780,1.5637e-07,4.0000e-06,2.8188e-05,2.8188e-05,1.0246e-03,-9.3142e-04,-4.5422e-05,1.2437e-09,4.5076e-04,5.9178e-04,1.0708e-03,9.8867e-04,0.0451,4.5652e-10,-1.0052e-03
91,150483.006550,1.8308e-07,4.8685e-06,2.8174e-05,2.8174e-05,1.0244e-03,-9.3154e-04,-4.5443e-05,1.2437e-09,4.5066e-04,5.9175e-04,1.0706e-03,9.8854e-04,0.0451,4.5651e-10,-1.0052e-03
92,150372.768053,3.5954e-07,6.2402e-06,2.8595e-05,2.8595e-05,1.0251e-03,-9.3070e-04,-4.5365e-05,1.2437e-09,4.5077e-04,5.9186e-04,1.0713e-03,9.8875e-04,0.0450,4.5653e-10,-1.0052e-03
93,150002.318592,2.6056e-09,9.7769e-08,2.8455e-05,2.8455e-05,1.0250e-03,-9.3058e-04,-4.5084e-05,1.2436e-09,4.5059e-04,5.9212e-04,1.0712e-03,9.8882e-04,0.0450,4.5656e-10,-1.0054e-03
94,149630.695055,-3.4941e-07,-6.0666e-06,2.8325e-05,2.8325e-05,1.0250e-03,-9.3041e-04,-4.4802e-05,1.2434e-09,4.5041e-04,5.9238e-04,1.0712e-03,9.8889e-04,0.0450,4.5659e-10,-1.0055e-03
95,149517.983457,-1.9800e-07,-5.1015e-06,2.8716e-05,2.8716e-05,1.0256e-03,-9.2960e-04,-4.4720e-05,1.2435e-09,4.5053e-04,5.9250e-04,1.0718e-03,9.8911e-04,0.0450,4.5661e-10,-1.0055e-03
96,149533.404265,-1.7034e-07,-4.1917e-06,2.8702e-05,2.8702e-05,1.0255e-03,-9.2972e-04,-4.4741e-05,1.2434e-09,4.5043e-04,5.9246e-04,1.0716e-03,9.8898e-04,0.0450,4.5660e-10,-1.0055e-03
97,149797.182154,-7.1641e-08,-1.5545e-06,2.8549e-05,2.8549e-05,1.0252e-03,-9.3026e-04,-4.4937e-05,1.2435e-09,4.5048e-04,5.9226e-04,1.0713e-03,9.8884e-04,0.0450,4.5657e-10,-1.0054e-03
98,150244.744186,1.4594e-07,2.5373e-06,2.8446e-05,2.8446e-05,1.0251e-03,-9.3074e-04,-4.5255e-05,1.2437e-09,4.5080e-04,5.9196e-04,1.0712e-03,9.8887e-04,0.0450,4.5655e-10,-1.0052e-03
99,150588.252784,4.4704e-07,7.4641e-06,2.8562e-05,2.8562e-05,1.0252e-03,-9.3081e-04,-4.5508e-05,1.2439e-09,4.5105e-04,5.9174e-04,1.0714e-03,9.8891e-04,0.0450,4.5653e-10,-1.0051e-03
100,150695.567340,-1.9587e-07,-1.3472e-06,2.7558e-05,2.7558e-05,1.0243e-03,-9.3229e-04,-4.5533e-05,1.2440e-09,4.5119e-04,5.9168e-04,1.0704e-03,9.8899e-04,0.0451,4.5653e-10,-1.0050e-03
